content,Quality,Service,Shipping,Packing
18,"ÄÃ³ng gÃ³i cáº©n tháº­n, giao hÃ ng siÃªu nhanh nhÆ°ng Ä‘Ã£ bá»‹ rÃ¡ch tem há»™p. Giá» 2020 rá»“i mÃ  váº«n cÃ²n báº£n v2.0 thÃ¬ cÅ©ng Ä‘áº¿n chá»‹u rá»“i. 

ÄÃ£ láº¯p Ä‘áº·t vÃ  cháº¡y thá»­, sÃ³ng khá»e, táº£i nhanh.",1,,0,1
23,"shipper nháº­n hÃ ng nhÆ°ng giá»¯ táº­n 2 ngÃ y mÃ  khÃ´ng giao cho mÃ¬nh, nÃ³i chuyá»‡n ráº¥t khÃ³ chá»‹u",,,0,
47,Äá»£t dá»‹ch nÃ y khÃ´ng thá»ƒ Ä‘Ã²i há»i giao hÃ ng nhanh Ä‘Æ°á»£c nhÆ°ng khÃ´ng ngá» kho hÃ ng mÃ¬nh Ä‘áº·t láº§n nÃ y láº¡i tá»« tp HCM. Giao cháº­m hÆ¡n dá»± kiáº¿n 1 ngÃ y thÃ nh 8 ngÃ y vÃ  há»™p thÃ¬ mÃ³p mÃ©o. sÃ¡ch dáº­p cong mÃ©p tháº­m chÃ­ rÃ¡ch gÃ¡y luÃ´n.   DÃ¹ thÃ´ng cáº£m dá»‹ch khoáº£n giao hÃ ng cháº­m nhÆ°ng Ä‘Ã³ng gÃ³i nÃ¡t thÃ¬ k cháº¥p nháº­n Ä‘Æ°á»£c,,,0,
74,"Äáº·t giao hÃ ng nhanh NOW, tráº£ thÃªm phÃ­ Ä‘á»ƒ giao cho ká»‹p.
váº­y mÃ  trá»… tá»›i 4,5 ngÃ y má»›i giao tá»›i tay, khÃ´ng 1 lá»i thÃ´ng bÃ¡o, email vá» thÃ´ng tin giao trá»….
Tráº£ thÃªm Ä‘á»ƒ giao nhanh mÃ  nháº­n hÃ ng cÃ²n trá»… hÆ¡n dv giao tiÃªu chuáº©n miá»…n phÃ­. 
Pháº£i chat rá»“i gá»i tá»•ng Ä‘Ã i thÃ¬ 2 hÃ´m sau má»›i giao. Giao trá»… xong gá»­i mail xin lá»—i lÃ  xong. 
ÄÃ£ váº­y phÃ­ ship NOW cÃ²n NUá»T luÃ´n.",,,0,
116,Ship ráº¥t tá»‡ 1 sao cÃ²n nÃ³i nÄƒng thÃ´ tá»¥c vá»›i khÃ¡c hÃ ng dÃ¹ khÃ¡ch hÃ ng chá»‰ má»›i lÃ  há»c sinh,,,0,
136,HÃ ng vá» ngÃ¢m táº¡i bÆ°u cá»¥c! ÄÃ£ trá»… mÃ  cÃ²n bá»‹ ngÃ¢m thÃªm 7 ngÃ y! MÃ¬nh pháº£i tá»›i bÆ°u cá»¥c láº¥y! ThÃ¬ tháº¥y quáº£n lÃ½ hÃ ng hoÃ¡ quÄƒng tÃ¹m lum! CÃ³ trÃ y sÆ°á»›t! Cháº¥t lÆ°á»£ng Ä‘Ã³ng gÃ³i tá»‡! ChÆ°a Tráº£i nghiá»‡m sáº£n pháº©m!,,,0,
146,"á» sÃ i gÃ²n giao xuá»‘ng Ä‘á»“ng nai mÃ  máº¥t táº­n 7 ngÃ y lÃ¢u láº¯c lÃ¢u lÆ¡, mua lazada shopee giao nhanh hÆ¡n nhiá»u bá»Ÿi váº­y xoÃ¡ tiki Ä‘Ã¢y bÃ¡i bai",,,0,
175,"Giao hÃ ng quÃ¡ cháº­m so vá»›i dá»± kiáº¿n, lá»¡ háº¿t cáº£ viá»‡c! Táº¡m thÃ´ng cáº£m vÃ¬ mÃ¹a dá»‹ch. Tuy nhiÃªn Tiki cÅ©ng nÃªn bá»“i thÆ°á»ng cho khÃ¡ch hÃ ng cho há»£p lÃ½.",,1,0,
193,"Thá»i gian giao hÃ ng lÃ¢u, shipper khÃ´ng giá»i tÃ¬m Ä‘á»‹a chá»‰, khÃ´ng Ä‘Æ°á»£c nhiá»‡t tÃ¬nh_x000D_
NgoÃ i ra thÃ¬ má»i thá»© Ä‘iá»u tá»‘t",1,,0,
199,"MÃ¬nh Ä‘Ã£ mua qua Tiki ráº¥t nhiá»u láº§n vÃ  hÃ i lÃ²ng vá» cÃ¡ch lÃ m viá»‡c. Tá»« xÃ¡c nháº­n Ä‘Æ¡n hÃ ng, mail, thá»i gian váº­n chuyá»ƒn nhanh...

NhÆ°ng cáº§n há»£p tÃ¡c Ä‘Ã o táº¡o hÆ¡n vá»›i cÃ¡c shiper vá» há»£p lÃ½ lá»™ trÃ¬nh vÃ  thÃ´ng bÃ¡o khÃ¡ch. Äáº¿n khÃ¡ch A thÃ¬ cáº§n thÃ´ng bÃ¡o trÆ°á»›c cho khÃ¡ch B. Pháº£i cÃ³ lá»™ trÃ¬nh. Ä‘áº¿n nÆ¡i má»›i bÃ¡o mÃ  cá»© giá»¥c, cÃ³ pháº£i chá» cáº£ ngÃ y má»—i Ä‘Æ¡n hÃ ng Ä‘Ã¢u. 
MÃ¬nh luÃ´n yÃªu cáº§u khi Ä‘áº·t hÃ ng lÃ  gá»i trÆ°á»›c 30p Ä‘áº¿n 1h vÃ¬ tÃ­nh cháº¥t cÃ´ng viá»‡c.

CÃ²n sáº£n pháº©m cá»§a mÃ¬nh mua lá»—i chiáº¿u tia 1 Ä‘iá»ƒm. Sáº¡c khoÃ¡ pin há»™p Ä‘áº§y Ä‘á»§. Mong Tiki kiá»ƒm tra vÃ  Äá»”I giÃºp mÃ¬nh.",,1,0,
205,Váº­n chuyá»ƒn khÃ´ng báº£o vá»‡ tá»‘t lÃ m nÃ¡t sÃ¡ch cá»§a tÃ´i. TÃ´i khÃ´ng thÃ­ch sá»­ dá»¥ng nhá»¯ng quyá»ƒn sÃ¡ch mua má»›i mÃ  nháº­n trong tráº¡ng thÃ¡i nÃ¡t gÃ£y trong quÃ¡ trÃ¬nh váº­n chuyá»ƒn nhÆ° tháº¿ nÃ y.,,,0,
208,hÃ ng giao bá»‹ trá»… so vá»›i cam káº¿t,,,0,
230,"Cháº³ng hiá»ƒu sao hÃ ng cá»§a mÃ¬nh pháº£i láº¥y láº§n thá»© 3 má»›i Ä‘c. Giao hÃ ng láº§n 1 vÃ o T2, mÃ¬nh háº¹n t5 giao nhÆ°ng hnay t7 má»›i giao. MÃ¬nh k cÃ³ nhÃ , háº¹n shipper rÃ¡ng chá» mÃ¬nh chÃºt Ä‘á»ƒ mÃ¬nh cháº¡y vá». Äáº¿n nhÃ  thÃ¬ shipper náº·ng nháº¹ Ã½ báº£o chá» lÃ¢u. VÃ¬ mÃ¬nh cÅ©ng k muá»‘n háº¹n giao láº¡i vÃ¬ sá»£ phiá»n bÃªn cÅ©ng muá»‘n 2 bÃªn thÃ´ng cáº£m. Shipper Ä‘á»ƒ hÃ ng xuá»‘ng Ä‘áº¥t sáºµn r báº£o: â€œHÃ ng Ä‘Ã³ c.â€ R vá»t Ä‘i cá»¥c sÃºc. HÃ ng hÆ¡i náº·ng, Ä‘áº·t ná»­a thÃ¡ng má»›i cÃ³. MÃ¬nh biáº¿t cá»±c cho shipper nhÆ°ng thÃ¡i Ä‘á»™ nhÆ° v mÃ¬nh cÅ©ng k vui chÃºt nÃ o.",,,0,
232,NhÃ¢n viÃªn giao hÃ ng gáº¯t gá»ng,,,0,
325,"TÃ´i mua quÃ  táº·ng báº¡n váº­y mÃ  bÃªn giao hÃ ng ko cÃ³ gá»i cho ng nháº­n. LÃºc ng nháº­n vá» tá»›i nhÃ  lÃ  gÃ³i hÃ ng náº±m á»Ÿ gháº¿ trÆ°á»›c cá»­a nhÃ , bao bÃ¬ bÃªn ngoÃ i láº¡i bá»‹ xÃ© ra sáºµn.",,,0,
403,"tÃ´i chÆ°a nháº­n Ä‘Æ°á»£c hÃ ng, shipper nÃ³i bá»‹ tháº¥t láº¡c mÃ  hÃ´m nay chÆ°a tháº¥y liÃªn há»‡ láº¡i, vui lÃ²ng kiá»ƒm tra giÃºp, láº§n trÆ°á»›c tÃ´i cÃ³ mua á»Ÿ Ä‘Ã¢y 1 láº§n rá»“i",,,0,
425,"váº­n chuyá»ƒn khÃ´ng tá»‘t lÃ m gÃ£y gÃ³c sÃ¡ch, cÃ¡i nÃ y lÃ  do nÃ©m hÃ ng.",,,0,
451,"MÃ¬nh muá»‘n Ä‘Ã¡nh giÃ¡ cao hÆ¡n tuy nhiÃªn hÃ´m nay váº¥n Ä‘á» mÃ¬nh gáº·p pháº£i duy nháº¥t lÃ  váº¥n Ä‘á» shipper khÃ´ng giao táº­n nhÃ  mÃ  chá»‰ Ä‘áº¿n Ä‘áº§u ngÃµ rá»“i gá»i giá»¥c mÃ¬nh ra láº¥y hÃ ng, sau Ä‘Ã³ mÃ¬nh chuyá»ƒn khoáº£n thÃ¬ vÃ¬ tháº¥y báº¡n áº¥y ráº¥t vá»™i nÃªn lÃ m nhanh quÃ¡, k ká»‹p Ä‘á»ƒ Ã½ ngÃ¢n hÃ ng chuyá»ƒn sang cháº¿ Ä‘á»™ chuyá»ƒn tiá»n thÆ°á»ng. Vá» báº¡n áº¥y gá»i láº¡i cho mÃ¬nh vá»›i thÃ¡i Ä‘á»™ nhÆ° kiá»ƒu mÃ¬nh Ä‘Ã£ lÃ m sai váº­y :( ThÃ´i thÃ¬ mong tiki sáº½ Ä‘Ã o táº¡o vá» cÃ¡ch lÃ m cÅ©ng nhÆ° giao Ä‘Æ¡n cho cÃ¡c báº¡n ship Ã­t thÃ´i khÃ´ng láº§n nÃ o vá»™i cháº¡y nÃªn cÅ©ng láº¥y lÃ­ do k tÃ¬m Ä‘Æ°á»£c nhÃ  mÃ  Ä‘á»©ng ngoÃ i ngÃµ gá»i thÃ¬ cÃ²n máº¥t thá»i gian cá»§a cÃ¡c báº¡n áº¥y hÆ¡n.",,,0,
454,Giao hÃ ng cháº­m. MÃ n hÃ¬nh á»•n,1,,0,
490,Ham ráº» nÃªn mua thá»­. TÃ­nh ra láº¡i Ä‘áº¯t vÃ¬ phÃ­ ship,1,,0,
504,KhÃ´ng hÃ i lÃ²ng vá»›i thÃ¡i Ä‘á»™ phá»¥c vá»¥ cá»§a ngÆ°á»i giao hÃ ng!,,,0,
514,"SÃ¡ch Ä‘áº¹p, Ä‘Ã³ng há»™p cáº©n tháº­n váº«n nhÆ° má»i láº§n mÃ¬nh mua á»Ÿ tiki. NhÆ°ng láº§n nÃ y chá»‰ cho 3 sao thÃ´i vÃ¬ giao hÃ ng quÃ¡ cháº­m. 10 ngÃ y má»›i nháº­n Ä‘Æ°á»£c sÃ¡ch",1,,0,
593,Giao hÃ ng cháº­m trá»… sau thá»i gian dá»± kiáº¿n tá»›i 2 ngÃ y! Äá»ƒ khÃ¡ch hÃ ng chá» quÃ¡ lÃ¢u trong khi giao hÃ ng Tikinow nÃªn mn nÃªn cÃ¢n nháº¯c trÆ°á»›c khi Ä‘áº·t,,,0,
624,"Sáº£n pháº©m Ä‘áº¹p, cháº¯c cháº¯n, dá»… sá»­ dá»¥ng, cáº¯m Ä‘iá»‡n vÃ  dÃ¢y máº¡ng vÃ o lÃ  sá»­ dá»¥ng luÃ´n, khÃ´ng cáº§n cáº¥u hÃ¬nh. Vá»›i giÃ¡ tiá»n nhÆ° váº­y lÃ  quÃ¡ tuyá»‡t rá»“i.

Tuy nhiÃªn sáº£n pháº©m giao hÃ ng lÃ¢u hÆ¡n thÃ´ng bÃ¡o ban Ä‘áº§u Ä‘áº¿n 5 ngÃ y nhÆ°ng cÅ©ng khÃ´ng cÃ³ ai liÃªn láº¡c Ä‘Æ¡n sáº½ giao muá»™n. CÃ³ thá»ƒ lÃ  do giÃ£n cÃ¡ch xÃ£ há»™i nÃªn giao cháº­m nhÆ°ng sáº½ tá»‘t hÆ¡n cho khÃ¡ch hÃ ng náº¿u Tiki liÃªn láº¡c/nháº¯n tin trÃªn app thÃ´ng bÃ¡o Ä‘Æ¡n hÃ ng giao cháº­m hÆ¡n dá»± kiáº¿n.",1,,0,
650,"Thá»i gian giao hÃ ng dá»± kiáº¿n thá»© 3, tuy nhiÃªn Ä‘áº¿n thá»© 6 má»›i nháº­n Ä‘c hÃ ng. Cháº­m 3 ngÃ y. LÃ¢u quÃ¡ trá»i",,,0,
658,"ÄÃ³ giá» tiki lÃ m viá»‡c ráº¥t á»•n, tá»± nhiÃªn hÃ´m nay cÃ¡c sÃ¡ch mÃ¬nh Ä‘áº·t láº¡i bá»‹ hÆ° máº¥t gÃ³c, lÃ  má»™t ngÆ°á»i thÃ­ch Ä‘á»c sÃ¡ch vÃ  trÃ¢n quÃ½ tá»«ng quyá»ƒn sÃ¡ch nhÆ° mÃ¬nh tháº¥y khÃ´ng hÃ i lÃ²ng. MÃ¬nh khÃ´ng biáº¿t nhá»¯ng láº§n sau sáº½ nhÆ° tháº¿ nÃ o chá»© mÃ¬nh Ä‘ang consider láº¡i vá» phÃ­a giao hÃ ng. Cháº¥t lÆ°á»£ng sÃ¡ch thÃ¬ khÃ´ng cÃ³ gÃ¬ háº¿t nhÆ°ng mÃ¬nh tháº­t sá»± buá»“n!!",1,,0,
659,tra hÃ ng quÃ¡ cháº­m. bÃ¡o thá»© 3 thá»© 6 má»›i tráº£,,,0,
676,"BÃ n giao trá»… hÆ¡n dá»± kiáº¿n máº¥y hÃ´m, cháº¥t liá»‡u thÃ¬ khÃ¡ tá»‘t vÃ  Ä‘áº¹p, nhÆ°ng giao thiáº¿u mÃ¬nh 1 táº¥m gá»— vÃ  máº¥y con á»‘c, lÃ m mÃ¬nh hÆ¡i buá»“n. KhÃ´ng biáº¿t má»i ngÆ°á»i láº¯p xong bÃ n cÃ³ cháº¯c cháº¯n khÃ´ng chá»© bÃ n cá»§a mÃ¬nh nÃ³ hÆ¡i mong manh, má»—i láº§n mÃ¬nh Ä‘á»¥ng Ä‘á»¥ng lÃ  nÃ³ cá»© siÃªu quáº¹o, lung lay nhÆ° muá»‘n rá»›t ra. BÃ n nÃ y muá»‘n di chuyá»ƒn cháº¯c khÃ³ láº¯m",1,,0,
703,"MÃ¬nh Ä‘áº·t hÃ ng 29/08/2021 Ä‘áº¿n 13/10/2021 má»›i nháº­n Ä‘Æ°á»£c sÃ¡ch. VÃ¬ dá»‹ch bá»‡nh nÃªn giao cháº­m cÃ³ thá»ƒ hiá»ƒu, tuy nhiÃªn phÃ­a Ä‘á»‘i tÃ¡c giao hÃ ng giao hÃ ng váº­n chuyá»ƒn khÃ´ng cáº©n tháº­n, nÆ°á»›c ngáº¥m vÃ o bong cáº£ bÃ¬a sÃ¡ch.",,,0,
762,haÌ€ng  vÃ¢Ì£n  chuyÃªÌ‰n  quaÌ  lÃ¢u,,,0,
843,giao hÃ ng lÃ¢u ................,,,0,
862,"TÃ¬nh hÃ¬nh dá»‹ch bá»‡nh nÃªn mÃ¬nh pháº£i á»Ÿ láº¡i cÃ´ng trÃ¬nh, chá»n mÃ n nÃ y vÃ¬ nÃ³ tiá»‡n lá»£i vÃ  MÃ¬nh chá»n tikinow vÃ¬ chá»— mÃ¬nh á»Ÿ ráº¥t muá»—i, rÃµ rÃ ng ghi giao Ä‘Æ¡n hÃ ng vÃ o trÆ°a ngÃ y 6/7 nhÆ°ng pháº£i Ä‘áº¿n Ä‘áº§u giá» tá»‘i ngÃ y 7/7 mÃ¬nh má»›i nháº­n Ä‘Æ°á»£c. HÃ ng thÃ¬ dÃ¹ng tá»‘t, tiá»‡n lá»£i. MÃŒnh vote 4 sao cho hÃ ng nhÆ°ng 1 sao cho giao hÃ ng.",1,,0,
885,"Thá»i gian giao hÃ ng dá»± kiáº¿n thá»© 3, tuy nhiÃªn Ä‘áº¿n thá»© 6 má»›i nháº­n Ä‘c hÃ ng. Cháº­m 3 ngÃ y. LÃ¢u quÃ¡ trá»i",,,0,
912,"SÃ¡ch cÅ©ng bÃ¬nh thÆ°á»ng, giao hÃ ng lÃ¢u",1,,0,
920,giao hÃ ng cháº­m trá»… khÃ´ng muá»‘n nháº­n chÃºt nÃ o,,,0,
931,"Cay cÃº nÃªn nÃ³i rÃµ cho háº¿t bá»±c vÃ¬ Ä‘Æ¡n hÃ ng nÃ y._x000D_
ÄÄƒt hÃ ng cá»§a Shop nÃ y ráº¥t uy tÃ­n vÃ  trÃ¡ch nhiá»‡m, Shop nhiá»‡t tÃ¬nh liÃªn láº¡c vÃ  gá»­i hÃ ng nhanh nhÆ°ng bá»‹ Ã´ váº­n chuyá»ƒn cá»§a Tiki phÃ¡ hoáº¡i vÃ  lÆ°Æ¡n láº¹o, xong rá»“i Ä‘áº¿n NV há»— trá»£ chÃ¡t cÅ©ng chá»‰ nÃ³i nhÆ° Bot, ko láº¯ng nghe Ä‘á» nghá»‹ cá»§a khÃ¡ch. ká»ƒ chi tiáº¿t thÃ¬ dÃ i, tÃ³m láº¡i m ko thÃ­ch Tiki máº¥y v.Ä‘á»._x000D_
1. ÄÆ¡n hÃ ng thanh toÃ¡n trÆ°á»›c cháº¯c cháº¯n bÃªn Váº­n chuyá»ƒn Tiki sáº½ cho khÃ¡ch leo cÃ¢y, váº­y nÃªn láº§n tá»›i nháº­n hÃ ng giao tiá»n cho cÃ³ quyá»n, cÃ¡i nÃ y m ngu thÃ¬ thÃ´i m Ä‘Ã£ ngoan rá»“i._x000D_
2. BÃªn váº­n chuyá»ƒn lÆ°Æ¡n láº¹o om hÃ ng cá»§a khÃ¡ch táº¡i kho nháº­n 3 ngÃ y, há»©a háº¹n 3 láº§n ko giao ná»•i (cÃ³ thá»ƒ bÃªn VC nÃ³ ghÃ©t Shop, nÃ³ muá»‘n Ä‘Æ¡n hÃ ng quay vá» kho bÃ¡n)._x000D_
3. CÃ¢p nháº­t lá»‹ch trÃ¬nh Ä‘Æ¡n hÃ ng lÆ°Æ¡n leo, Ä‘á»ƒ cho khÃ¡ch báº¥t lá»£i. 18h53 ngÃ y 10/9 giao ko thÃ nh cÃ´ng mÃ  cáº­p nháº­t 8h02 ngÃ y 11/9 hÃ ng má»›i Ä‘áº¿n kho. (Váº­y lÃ  Ä‘i giao hÃ ng trÆ°á»›c khi hÃ ng vá» Ã ?)._x000D_
4. NV giao hÃ ng cÃ i báº«y nhÃ¡y mÃ¡y ngoÃ i giá» giao hÃ ng rá»“i Ä‘á»• lá»—i ko giao Ä‘c cho khÃ¡ch, máº·c dÃ¹ khÃ¡ch gá»i cáº£ chá»¥c láº§n láº¡i nhÆ°ng NV giao hÃ ng ko thÃ¨m nghe mÃ¡y. Tá»•ng cá»™ng 3 láº§n giao ko thanh cÃ´ng nÃ³ ghi lá»—i khÃ¡ch hÃ ng (máº·c dÃ¹ khÃ¡ch ráº¥t muá»‘n nháº­n hÃ ng). Ae cáº§n cáº©n tháº­n, nÃ³ nhÃ¡y mÃ¡y xong nÃ³ chá»¥p láº¡i lÃ m báº±ng chá»©ng lÃ  khÃ¡ch ko nghe mÃ¡y._x000D_
5. Há»— trá»£ chÃ¡t vá»›i khÃ¡ch chá»‰ Ä‘c 1 chiá»u khÃ¡ch há»i, cÃ²n xá»­ lÃ½ Ä‘c hay ko thÃ¬ ko bÃ¡o láº¡i (rÃµ rÃ ng m cÃ³ Ä‘á»ƒ SDT vÃ  Gmail), nÃ³i chuyá»‡n nhÆ° robot. Há»©a háº¹n chung chung, lÃ m cho khÃ¡ch hiá»ƒu nháº§m lÃ  váº¥n Ä‘á» Ä‘c xá»­ lÃ½._x000D_
6. Äáº¿n lÃºc m nháº¯n mail Ä‘áº§y Ä‘á»§ ná»™i dung vÃ  báº±ng chá»©ng thÃ¬ Tiki má»›i chá»‹u quan tÃ¢m Ä‘áº¿n váº¥n Ä‘á» cá»§a khÃ¡ch (rÃµ rÃ ng cáº£ há»‡ thá»‘ng Tiki cÃ³ lÃ m tá»‘t nhÆ°ng 1 nv nÃ³ lá»«a khÃ¡ch hÃ ng thÃ¬ cÅ©ng vá»©t)._x000D_
7. Cho dÃ¹ cáº£ há»‡ thá»‘ng Tiki lÃ m tá»‘t nhÆ°ng láº«n 1 NV lÆ°Æ¡n láº¹o thÃ¬ káº¿t quáº£ cÅ©ng há»ng háº¿t._x000D_
Váº«n cÃ²n may lÃ  hÃ ng cháº¥t lÆ°á»£ng ok trong táº§m giÃ¡ 1,6tr. Qua Ä‘Ã³ m táº·ng Shop 5 sao vÃ  Dá»‹ch vá»¥ Tiki 1 sao an á»§i. Cáº£m Æ¡n ai Ä‘Ã³ Ä‘Ã£ Ä‘á»c háº¿t. TÃ´i thá»: ko nÃ³i sai báº¥t ká»³ cÃ¢u nÃ o.",,1,0,
952,SG bien hoÃ  mÃ  giao hÃ ng quÃ¡ lÃ¢u 2 tuáº§n,,,0,
993,giao hÃ ng hÆ¡i lÃ¢u ká»ƒ tá»« lÃºc booking,1,,0,
1042,KhÃ´ng hÃ i lÃ²ng vÃ¬ mua sÃ¡ch cÃ³ 49k mÃ  tiá»n váº­n chuyá»ƒn cáº£ 44k. Trong khi tÃ´i mua ráº¥t nhiá»u sÃ¡ch thÃ¬ chia láº» ra Ä‘á»ƒ ship vÃ  tiá»n ship lÃªn ráº¥t cao,,,0,
1069,nhÃ¢n viÃªn giao hÃ ng cÃ³ thÃ¡i Ä‘á»™ phá»¥c vá»¥ khÃ´ng tá»‘t,,,0,
1092,"giao hÃ ng cá»±c cháº­m, trá»… 1 tuáº§n",,,0,
1218,"SÃ¡ch cÃ³ 80k, phÃ­ ship 44k. QuÃ¡ ko há»£p lÃ½. Sáº½ ko bao giá» mua sÃ¡ch kiá»ƒu nÃ y ná»¯a",,,0,
1238,Giao hÃ ng quÃ¡ tá»‡ lÃ m há»ng háº¿t cáº£ sÃ¡ch,,,0,
1248,MÃ¬nh tháº­t sá»± tháº¥t vá»ng vá»›i láº§n mua nÃ y vÃ¬ lÃºc shipper giao cho mÃ¬nh thÃ¬ sÃ¡ch khÃ´ng cÃ³ seal bá»c bÃªn ngoÃ i cÅ©ng nhÆ° sÃ¡ch cÃ³ dáº¥u hiá»‡u Ä‘Ã£ bá»‹ Ä‘á»c vÃ  Ä‘Ã³ng gÃ³i vá»›i cÃ¡i bá»c nhá»±a ráº¥t sÆ¡ sÃ i. MÃ¬nh nghÄ© sau nÃ y mÃ¬nh sáº½ mua chá»— khÃ¡c mÃ  khÃ´ng pháº£i cá»§a Alpha book ná»¯a,,,0,
1278,ThÃ¡i Ä‘á»™ nhÃ¢n viÃªn giao hÃ ng khÃ´ng cháº¥p nháº­n Ä‘Æ°á»£c,,,0,
1295,"Giao hÃ ng cháº­m quÃ¡, cáº§n cáº£i thiá»‡n",,,0,
1306,"giao hÃ ng quÃ¡ cháº­m, ghi lÃ  giao trÆ°á»›c 13h ngÃ y 20/07, lÃºc 10h30 ngÃ y 20/7 Ä‘á»ƒ tráº¡ng thÃ¡i lÃ  Ä‘ang váº­n chuyá»ƒn, tá»›i 12h30 ngÃ y 22/07 má»›i nháº­n Ä‘Æ°á»£c hÃ ng.",,,0,
1320,"shipper tá»± kÃ­ tÃªn cá»§a mÃ¬nh mÃ  ko dc phÃ©p. há»™p váº­n chuyá»ƒn bá»‹ hÆ° háº¡i, áº£nh hÆ°á»Ÿng tá»›i sÃ¡ch.",,,0,
1335,gia hÃ ng ráº¥t lÃ¢u. ship háº¹n quÃ i k chá»‹u giao,,,0,
1377,KhÃ´ng vá»«a hÃ ng tráº£ tiá»n trÆ°á»›c ship cáº£ 2 tuáº§n chÆ°a tá»›i khÃ´ng hÃ i lÃ²ng ğŸ˜¥,,,0,
1378,"Sáº£n pháº©m Ä‘áº¹p, cháº¯c cháº¯n, dá»… sá»­ dá»¥ng, cáº¯m Ä‘iá»‡n vÃ  dÃ¢y máº¡ng vÃ o lÃ  sá»­ dá»¥ng luÃ´n, khÃ´ng cáº§n cáº¥u hÃ¬nh. Vá»›i giÃ¡ tiá»n nhÆ° váº­y lÃ  quÃ¡ tuyá»‡t rá»“i.

Tuy nhiÃªn sáº£n pháº©m giao hÃ ng lÃ¢u hÆ¡n thÃ´ng bÃ¡o ban Ä‘áº§u Ä‘áº¿n 5 ngÃ y nhÆ°ng cÅ©ng khÃ´ng cÃ³ ai liÃªn láº¡c Ä‘Æ¡n sáº½ giao muá»™n. CÃ³ thá»ƒ lÃ  do giÃ£n cÃ¡ch xÃ£ há»™i nÃªn giao cháº­m nhÆ°ng sáº½ tá»‘t hÆ¡n cho khÃ¡ch hÃ ng náº¿u Tiki liÃªn láº¡c/nháº¯n tin trÃªn app thÃ´ng bÃ¡o Ä‘Æ¡n hÃ ng giao cháº­m hÆ¡n dá»± kiáº¿n.",1,,0,
1385,"Cáº£m Æ¡n shop vÃ¬ Ä‘Ã£ dÃ¡n hÃ ng dá»… vá»¡ lÃªn hÃ ng, nhÆ°ng mÃ¬nh thá»±c sá»± váº«n khÃ´ng vui vá» khÃ¢u giao hÃ ng, hÃ ng giao thÃ¬ lÃ¢u, trá»… máº¥t 2 ngÃ y, há»™p thÃ¬ mÃ³p mÃ©o rÃ¡ch cáº£ ra, bÃªn trong cÅ©ng bá»‹ mÃ³p.",,1,0,
1411,"Trong 4 mÃ³n mÃ  TÃ´i mua hÃ´m nay, TÃ´i khÃ´ng phÃ n nÃ n gÃ¬ vá» cháº¥t lÆ°á»£ng, dÃ¹ sÃ¡ch cuá»‘n bá»c cuá»‘n khÃ´ng.
Tuy nhiÃªn, cÃ¡i cÃ¡ch mÃ  nhÃ¢n viÃªn giao nháº­n khiáº¿n tÃ´i khÃ¡ tháº¥t vá»ng vá» Tiki láº§n nÃ y. NV giao Ä‘áº¿n chung cÆ° khÃ´ng bÃ¡o trÆ°á»›c vÃ  tá» thÃ¡i Ä‘á»™ báº¥t cáº§n, láº½ ra TÃ´i nÃªn Ä‘Æ°á»£c há»i cÃ³ nhÃ  khÃ´ng Ä‘á»ƒ nháº­n hÃ ng hoáº·c Ä‘Æ°á»£c há»— trá»£ khi á»Ÿ gáº§n Ä‘Ã³, nhÆ°ng táº¥t cáº£ nhá»¯ng gÃ¬ tÃ´i tháº¥y lÃ  sá»± cÃ¡u gáº¯t cá»§a bÃªn GH.",2024-01-01 00:00:00,,0,
1415,"ÄÆ¡n vá»‹ giao hÃ ng quÃ¡ áº©u, há»™p bÃªn ngoÃ i gÃ£y nÃ¡t, bÃ¬a sÃ¡ch bÃªn trong bá»‹ rÃ¡ch, gÃ£y gÃ³c. ChÆ°a bÃ n Ä‘áº¿n ná»™i dung nhÆ°ng nháº­n Ä‘Æ°á»£c quyá»ƒn sÃ¡ch má»›i nhÆ° tháº¿ nÃ y tháº­t khÃ´ng Æ°ng tÃ­ nÃ o. Mong Tiki xem xÃ©t giáº£i quyáº¿t hoáº·c cáº£i thiá»‡n cho nhá»¯ng láº§n giao hÃ ng sau.",,1,0,
1479,giao hÃ ng giao hÃ¡ng vÃ´ trÃ¡ch nhiá»‡m. háº¿t máº¹ nÃ³ Ä‘Æ¡n vá»‹ váº­n chuyá»ƒn rá»“i giao máº¥y tháº±ng bÆ°u Ä‘iá»‡n nÃ©m hÃ ng rÃ¡ch bÆ°Æ¡m nhÆ° nÃ y.,,,0,
1486,"Váº­n chuyá»ƒn quÃ¡ tá»‡, há»™p mÃ³p mÃ©o nÃ¡t bÆ°Æ¡m, sÃ¡ch quÄƒn gÃ³c nhÄƒn bÃ¬a, cáº§m cuá»‘n sÃ¡ch lÃªn thiá»‡t muá»‘n rá»›t nÆ°á»›c máº¯t",,,0,
1494,"Giao hÃ ng quÃ¡ tá»‡ bá»c thá»§ng 2 Ä‘áº§u, mÃ³p háº¿t sÃ¡ch, nhá»¯ng ng yÃªu sÃ¡ch thá»±c sá»± nhÃ¬n ráº¥t xÃ³t",,,0,
1632,"Mua hÃ ng tá»« hÃ´m 11/11 rá»“i nhÆ°ng bÃ¢y giá» má»›i Ä‘Ã¡nh giÃ¡. Cho 1 sao táº¡i vÃ¬ thá»i gian giao hÃ ng lÃ¢u, Ä‘á»£i cáº£ tuáº§n má»›i nháº­n Ä‘Æ°á»£c. TÆ°á»Ÿng lÃ  gá»­i hÃ ng tá»« miá»n nam ra miá»n báº¯c thÆ°á»ng lÃ¢u nhÆ° váº­y táº¡i vÃ¬ cÅ©ng Ä‘Ã£ tá»«ng mua Ä‘á»“ng há»“ cá»§a tgdd vÃ  cÅ©ng máº¥t 1 tuáº§n má»›i nháº­n Ä‘Æ°á»£c, mua thuá»‘c cá»§a Long ChÃ¢u váº­n chuyá»ƒn tá»« nam ra báº¯c cÅ©ng lÃ¢u nhÆ° váº­y. Ai ngá» dáº¡o nÃ y Ä‘áº·t 3 Ä‘Æ¡n bÃªn *** cÅ©ng lÃ  váº­n chuyá»ƒn tá»« nam ra báº¯c mÃ  2 Ä‘Æ¡n 3 ngÃ y Ä‘Ã£ nháº­n Ä‘Æ°á»£c, 1 Ä‘Æ¡n thÃ¬ 4 ngÃ y. Cáº£m giÃ¡c máº¥t cáº£ tuáº§n trá»i ngÃ³ng mÃ³n hÃ ng mÃ¬nh mua cá»±c ká»³ ğŸ˜¡",,,0,
1760,Thá»i gian giao khÃ´ng Ä‘Ãºng háº¹n,,,0,
1812,Tiki chia Ä‘Æ¡n hÃ ng tÃ´i Ä‘áº·t thÃ nh nhiá»u Ä‘Æ¡n giao nhá» láº» khiáº¿n tÃ´i máº¥t nhiá»u thá»i gian nháº­n hÃ ng & tá»‘n phÃ­ ship.,,1,0,
1830,"ChÆ°a nháº­n Ä‘Æ°á»£c sáº£n pháº©m nhÆ°ng app Ä‘Ã£ bÃ¡o nháº­n, Ä‘áº·t giao 2h nháº­n trÆ°á»›c 3h chiá»u, 2h55 shipper bÃ¡o 15â€™ ná»¯a giao nhÆ°ng giá» 40â€™ rá»“i chÆ°a tháº¥y shipper Ä‘Ã¢u mÃ  Ä‘Ã£ tá»± hoÃ n thÃ nh Ä‘Æ¡n hÃ ng",,,0,
1851,"(*) ÄÃ¡nh giÃ¡ khÃ´ng tÃ­nh Ä‘iá»ƒm
Giao 2h mÃ  thÃ nh 2 ngÃ y, ráº¥t phiá»n vÃ¬ pháº£i canh giá».",,,0,
1917,"Äá» nghá»‹ bá»™ pháº­n váº­n chuyá»ƒn lÆ°u Ã½ váº¥n Ä‘á» khi giao hÃ ng sáº£n pháº©m Ä‘áº¿n tay khÃ¡ch hÃ ng pháº£i báº£o toÃ n Ä‘Æ°á»£c sáº£n pháº©m Ä‘Æ°á»£c nguyÃªn váº¹n, khÃ´ng bá»‹ mÃ³p mÃ³. Quyá»ƒn sÃ¡ch khi giao Ä‘áº¿n tay tÃ´i bá»‹ mÃ³p Ä‘áº§u gÃ³c cá»§a quyá»ƒn sÃ¡ch, Ä‘iá»u nÃ y lÃ m tÃ´i tháº¥t vá»ng vÃ  giáº£m sá»± há»©ng thÃº khi tráº£i nghiá»‡m.",,,0,
1977,ngoáº¡i hÃ¬nh táº¡m á»•n. ship hÃ ng cháº­m,1,,0,
1981,"ThÃ¡i Ä‘á»™ nhÃ¢n viÃªn giao hÃ ng cÃ¡u gáº¯t. MÃ¬nh cÃ³ miss Ä‘t khoáº£ng 5p gá»i láº¡i. ThÃ¬ bá»‹ a giao hÃ ng tl cÃ¡u gáº¯t. MÃ¬nh cÅ©ng thÃ´ng cáº£m khi a giao hÃ ng giá»¯a trá»i náº¯ng. Váº¥n Ä‘á» chÃ­nh khi mÃ¬nh nháº­n hÃ ng mÃ¬nh há»i cÃ³ ck Ä‘c ko táº¡i mÃ¬nh ko Ä‘á»§ tiá»n máº·t. ThÃ¬ thÃ¡i Ä‘á»™ Ä‘Ã³ gáº¯t gá»ng hÆ¡n vÃ  há»i mÃ¬nh â€œRá»“i lá»¡ tháº» bá»‹ nuá»‘t rá»“i rÃºt tiá»n lÃ m sao?â€ _x000D_
 Tá»« Ä‘áº§u Ä‘áº¿n cuá»‘i thÃ¬ mÃ¬nh Ä‘Ã¡nh giÃ¡ tÃ¡c phong lÃ m viá»‡c cá»§a shipper nÃ y Tá»†. LÃ  má»™t ng lÃ m trong nghÃ nh dá»‹ch vá»¥ mÃ  thÃ¡i Ä‘á»™ vs kh nhÆ° váº­y thÃ¬ mÃ¬nh ko Ä‘á»“ng Ã½. _x000D_
_x000D_
Sáº£n pháº§m thÃ¬ tá»‘t, Ä‘Ã³ng gÃ³i cáº©n tháº­n, sÃ¡ch nguyÃªn váº¹n.",1,,0,1
2026,"Táº¡m á»•n, nhÆ°ng tháº¥y bá»‹ bÃ³c há»™p ra, k biáº¿t shop má»Ÿ ra kiá»ƒm tra haybthees nÃ o",1,,0,
2038,"Shipper muá»‘n lÃ m Ã´ng ná»™i ngÆ°á»i ta,",,,0,
2097,"SÃ¡ch thÃ¬ mÃ¬nh Ä‘ang Ä‘á»c nhÆ°ng mÃ¬nh Ä‘áº·t 2 Ä‘Æ¡n hÃ ng trÃªn tiki tráº£ trÆ°á»›c qua tháº», cáº£ 2 Ä‘á»u ko giao Ä‘Ãºng háº¹n cÃ²n note trÃªn há»‡ thá»‘ng lÃ  ko liÃªn há»‡ dc chá»§ Ä‘Æ¡n trong khi cháº£ ai liÃªn há»‡ giao hÃ ng ğŸ˜",,,0,
2122,Giao hÃ ng quÃ¡ trá»…...,,,0,
2130,Ä‘áº·t 2 thÃ¡ng má»›i nháº­n Ä‘Æ°á»£c hÃ ng,,,0,
2184,HÃ ng giao ok. Tuy nhiÃªn khÃ´ng biáº¿t trong quÃ¡ trÃ¬nh váº­n chuyá»ƒn hay do shop mÃ  mÃ¬nh cÃ³ 1 há»™p bá»‹ bá»ƒ sáºµn. CÃ³ hÃ¬nh Ä‘Ã­nh kÃ¨m.,1,,0,
2196,Giao hÃ ng cháº­m trá»… so vá»›i ban Ä‘áº§u,,,0,
2231,"giao hÃ ng ráº¥t chÃ¡n. Ä‘áº·t ráº¥t lÃ¢u rÃ¹i má»›i tháº¥y cÃ³ hÃ ng. bÃ¡o giao mÆ°á»£n 1-3 ngÃ y mÃ  táº­n máº¥y ngÃ y sau má»›i tháº¥y giao.
cháº¥t lÆ°á»£ng keo thÃ¬ tá»« trÆ°á»›c cÃ³ tiáº¿ng rÃ¹i.",1,,0,
2245,cháº¥t lÆ°á»£ng m chÆ°a biáº¿t nhÆ°ng ship siÃªu cháº­m,,,0,
2274,HÃ ng giao trá»… hÆ¡n thÃ´ng bÃ¡o cáº£ tuáº§n lá»…. Há»™p hÃ ng gá»­i Ä‘áº¿n nÆ¡i thÃ¬ te tua. Tiki nÃªn xem láº¡i vá» nhÃ  váº­n chuyá»ƒn Best.,,,0,
2326,"Shiper ko gá»i mÃ  giao ngÆ°á»i nháº­n há»™ thu tiá»n, tÃ´i há»§y Ä‘Æ¡n nÃ y, Ä‘áº·t gá»™p 2 Ä‘Æ¡n kia, xá»­ lÃ½ giÃºp tÃ´i ?",,1,0,
2328,"TÃ´i mua má»™t láº§n 9 quyá»ƒn, nhÆ°ng quyá»ƒn nÃ y Ä‘Ã£ bá»‹ dáº­p háº¿t máº¥y trang sÃ¡ch do Ä‘Ã³ng gÃ³i vÃ  váº­n chuyá»ƒn k cáº©n tháº­n. Tháº­t tháº¥t vá»ng",,,0,
2330,giao muá»™n khÃ´ng Ä‘Ãºng háº¡n trong Ä‘Æ¡n,,,0,
2380,"Tiá»n ship quÃ¡ cao, ship hÃ ng thÃ¬ cháº­m",,,0,
2386,"KhÃ´ng thá»ƒ tin ná»•i thá»i gian gh tá»« 2/8 Ä‘áº¿n nay 14 khÃ´ng nháº­n Ä‘Æ°á»£c, chÆ°a tháº¥y bÃªn nÃ o delay lÃ¢u nhÆ° tháº¿ nÃ y, láº¡i cÃ²n tikitrading giao hÃ ng, bÃ¡ Ä‘áº¡o.",,,0,
2433,giaÌo saÌch rÃ¢Ìt trá»…... HiÃªÌ£n taÌ£i váº«n chÆ°a nhÃ¢Ì£n Ä‘c saÌch,,,0,
2466,"sáº£n pháº©m cháº¥t lÆ°á»£ng, giÃ¡ tá»‘t, bÃªn giao hÃ ng quÃ¡ tá»‡ !!!",1,,0,
2543,"Cháº¥t lÆ°á»£ng sÃ¡ch thÃ¬ ok, thÃ¡i Ä‘á»™ cá»§a shiper thÃ¬ ko cháº¥p nháº­n Ä‘Æ°á»£c, giao hÃ ng mÃ  nÃ³i chuyá»‡n cÃ²n hÆ¡n cáº£ bá»‘ mÃ¬nh nc vá»›i mÃ¬nh
Shipper thÃ¡i Ä‘á»™ quÃ¡ kÃ©m, trá»« 3 *",1,,0,
2613,"ThÃ¹ng hÃ ng váº­n chuyá»ƒn khÃ´ng ká»¹ lÆ°á»¡ng, tá»›i tay khÃ¡ch hÃ ng mÃ³p mÃ©o, rÃ¡ch vÃ  lá»§ng má»™t lá»— khÃ¡ to. TÆ°á»Ÿng há»™p má»±c hÆ° rá»“i, may mÃ  shop dÃ¡n tÃºi nylon chá»‘ng sá»‘c, hÃº há»“n.",,,0,1
2687,"Há»™p má»±c giao quÃ¡ cháº­m, vÆ°á»£t quÃ¡ sá»± kiÃªn nháº«n cá»§a tÃ´i.",,,0,
2699,"Giao hÃ ng ráº¥t lÃ¢u so vá»›i trung bÃ¬nh, hÃ ng hÃ³a váº­n chuyá»ƒn khÃ´ng cáº©n tháº­n, thÃ¹ng bá»‹ mÃ³p, Ä‘Ã¨n bá»‹ xÆ°á»›c...",,,0,
2717,HÃ ng Ä‘áº¹p. Giao hÃ ng Ä‘Ãºng 1 tuáº§n.,1,,0,
2739,giao hÃ ng cháº­m trá»… quÃ¡ thá»i gian giao hÃ ng,,,0,
2770,giao hÃ ng sai tg Ä‘Ã£ bÃ¡o vÃ  lÃ²ng vÃ²ng ráº¥t lÃ  thÃ´ng cáº£m náº¿u báº­n bay chÆ°a Ä‘iá»u chuyá»ƒn hÃ ng vá» ká»‹p cá»© thÃ´ng bÃ¡o vs khÃ¡ch hÃ ng lÃ½ do chÃ­nh Ä‘Ã¡ng co f nÃ y k giao chÆ°a cÃ³ sá»± thá»‘ng nháº¥t vs khÃ¡ch hÃ ng mÃ  tá»± dá»i ngÃ y giao láº¡i Ä‘áº¿n khi kiá»‡n cÃ¡o ms chá»‹u giao ma váº«n trá»… jo,,,0,
2812,"mua hÃ ng cá»§a tiki trading.
hÃ ng giao quÃ¡ muá»™n so vá»›i dá»± kiáº¿n, láº¯p mÃ¡y xong ngá»“i chá» mÃ£i k tháº¥y dÃ¢y Ä‘Ã¢u láº¡i pháº£i cháº¡y Ä‘i mua cá»¥c thu wifi dÃ¹ng táº¡m, tÃ­nh ra phÃ¡t sinh hÆ¡n lÃ­t.",,,0,
2831,khÃ´ng nÃ³i sáº£n pháº©m. nÃ³i vá» cháº¥t lÆ°á»£ng dá»‹ch vá»¥ cá»§a tiki. Ä‘Ã£ bÃ¡o shipper khÃ´ng nháº­n hÃ ng mÃ  váº«n bÃ¡o giao hÃ ng thÃ nh cÃ´ng ( do Ä‘Æ¡n hÃ ng Ä‘Ã£ thanh toÃ¡n trÆ°á»›c). kiáº¿u náº¡i tiki cáº£ thÃ¡ng nay khÃ´ng chÃºt pháº£n há»“i giáº£i quyáº¿t gÃ¬ cáº£. NÃ³i chung dá»‹ch vá»¥ kÃ©m shipper thÃ¬ tá»“i.,,,0,
2879,"HÃ ng nháº­n Ä‘Ã£ lÃ¢u (tá»« 20/2/19)  nhÆ°ng chÆ°a dÃ¹ng nÃªn chÆ°a bÃ³c há»™p, nay má»›i bÃ³c thÃ¬ cháº£o mÃ©o mÃ³, báº¹p nhÆ° hÃ ng bá»‹ rÆ¡i. 
KhÃ´ng bao giá» mua hÃ ng táº¡i Tiki ná»¯a!",,,0,
2951,shipper Ã©p tÃ´i pháº£i nháº­n hÃ ng khi tÃ´i Ä‘ang á»Ÿ quÃª dáº«n Ä‘áº¿n máº¥t hÃ ng,,,0,
2967,"Bo máº¡ch tá»‘t, giao hÃ ng cháº­m",1,,0,
2998,"giao hÃ ng siÃªu cháº­m luÃ´n, ngÃ y dá»± kiáº¿n giao hÃ ng lÃ  16/01 nh",,,0,
3009,"sáº£n pháº©m tÃ´i nghÄ© nÃ³ sáº½ tá»‘t ,nhÆ°ng riÃªng viá»‡c há»• trá»£ khÃ¡ch hÃ ng  vÃ  bÃªn phÃ­a váº­n chuyá»ƒn cÃ³ thá»ƒ nÃ³i lÃ  1 Ä‘iá»u tá»“i tá»‡
giao hÃ ng tiÃªu chuáº©n vÃ o thá»© 2. mÃ  Ä‘á»£i mÃ£i khÃ´ng tháº¥y trong khi Ä‘Ã£ thanh toÃ¡n qua máº¡ng rá»“i nhÆ°ng pháº£i Ä‘á»£i sáº£n pháº©m dÃ i cá»• , trong khi Ä‘Ã³ cÅ©ng cÃ³ ngÆ°á»i báº¡n Ä‘áº·t chung 1 cÃ¡i bÃ n trong 1 web vÃ  sáº£n pháº©m thÃ¬ giao trÆ°á»›c cÃ²n tÃ´i Ä‘áº·t trÆ°á»›c pháº£i chá» sau 5 -6 ngÃ y tháº­t sá»± quÃ¡ tháº¥t vá»ng vÃ  khi gá»i Ä‘iá»‡n tÆ° váº¥n thÃ¬ láº¡i báº£o bÃªn nhÃ  cung cáº¥p ngoÃ i hÃ  ná»™i bla bla nÃªn vÃ o trá»… trong khi Ä‘áº·t chung 1 cÃ¡i sáº£n pháº©m trong tiki .",,,0,
3041,"Giao hÃ ng siÃªu cháº­m, Ä‘áº·t 4 quyá»ƒn tá»« HÃ  Ná»™i vá» Háº£i PhÃ²ng thÃ¬ bá»‹ tÃ¡ch Ä‘Æ¡n, giao 2 quyá»ƒn máº¥t cáº£ tuáº§n, 2 quyá»ƒn cÃ²n láº¡i váº«n Ä‘ang xá»­ lÃ½",,,0,
3072,"SÃ¡ch mÃ  Tiki váº­n chuyá»ƒn nhÆ° tháº¿ nÃ y, lÃ m gÃ£y gÃ¡y sÃ¡ch. NÃ´n nháº­n Ä‘Æ°á»£c sÃ¡ch cÃ³ chá»¯ kÃ½ sá»‘ng cá»§a BÃ¡c Ãnh mÃ  Tiki lÃ m mÃ¬nh downmood quÃ¡",,,0,
3096,"giao hÃ ng quÃ¡ trá»…, chá» Ä‘á»£i 1 tuáº§n Ä‘áº¿n ngÃ y giao dá»± kiáº¿n thÃ¬ bÃ¡o giao trá»… hÆ¡n 1 tuáº§n ná»¯a, oke, fine????",,,0,
3126,mua giao hÃ ng nhanh 2 h mÃ  máº¥t 1 ngÃ y má»›i giao sÃ¡ch ko má»™t lá»i gá»i Ä‘iá»‡n thÃ´ng bÃ¡o sá»± chÃ¢m trá»… phÃ­ tiá»n giao hÃ ng nhanh,,,0,
3222,"Äáº·t hÃ ng thanh toÃ¡n trÆ°á»›c_x000D_
Äáº¿n táº­n gáº§n 2 thÃ¡ng sau má»›i nháº­n, mÃ  pháº£i cÃ² cÆ°a Ä‘i gá»­i mail 2-3 láº§n cho bÃªn support chá»© khÃ´ng nÃ³ lÆ¡ luÃ´n",,,0,
3248,"á»¦a mÃ  dÃ²ng nÃ y khÃ´ng cÃ³ sáºµn sáº¡c kÃ¨m theo trong há»™p Ä‘á»±ng mÃ¡y áº¡ ?_x000D_
Giao hÃ ng trá»… ná»¯a_x000D_
_x000D_
2 sao",,,0,
3257,"ti ki giao hÃ ng quÃ¡ lÃ¢u , Ä‘á»ƒ Ã½ Ä‘Æ¡n hÃ ng váº£i trÄƒm giÃ¡o ráº¥t lÃ¢u",,,0,
3259,Giao hÃ ng quÃ¡ lÃ¢u,,,0,
3267,"Gá»Ÿi hÃ ng kg Ä‘Ãºng Ä‘á»‹a chá»‰, bÃ¡o cÃ¡o cho bÃªn tiki thÃ¬ báº£o ráº±ng Ä‘Ã£ giao thÃ nh cÃ´ng???? LÃ  sao????  LÃ m Äƒn kiá»ƒu gÃ¬ váº­y",,,0,
3269,"Váº¬N CHUYá»‚N QUÃ Tá»†
Há»™p bá»‹ rÃ¡ch, mÃ©o mÃ³. 
Äá» nghá»‹ TiKi xem láº¡i váº­n chuyá»ƒn.",,,0,
3276,"SÃ¡ch thÃ¬ mÃ¬nh tÃ¬m hiá»ƒu Ä‘á»c ráº¥t cÃ³ Ã­ch mÃ  khi giao thÃ¬ thÃ¹ng gÃ³i sÃ¡ch bá»‹ mÃ³p mÃ©o rá»“i giáº¥y rÃ¡ch, sÃ¡ch cÃ³ vÃ i quyá»ƒn bá»‹ mÃ³p cÃ¡i lá» may lÃ  sÃ¡ch khÃ´ng sao",,,0,
3318,"(*) ÄÃ¡nh giÃ¡ khÃ´ng tÃ­nh Ä‘iá»ƒm
HÃ ng Ä‘iá»‡n tá»­ mÃ  há»™p bá»‹ ná»©t rÃ¡ch tháº¿ nÃ y. Cáº§n chÃº Ã½ khÃ¢u váº­n chuyá»ƒn ghi chÃº rÃµ rÃ ng Ä‘á»ƒ báº£o vá»‡ sáº£n pháº©m.",,,0,
3321,"Em vote 1 sao táº¡i bÃ  shipper cá»™c quÃ¡ em chá»‹u háº¿t ná»•i rá»“i. NghÄ© sao em Ä‘iá»‡n em há»i chá»‹ á»Ÿ tá»›i chá»«ng nÃ o Ä‘á»ƒ em biáº¿t cÃ¡i báº£ nÃ³i 'Ä‘Æ¡n cá»§a em 0Ä‘ mÃ  em Ä‘á»ƒ chá»‹ chá» máº¥y tiáº¿ng em biáº¿t k', lÃ m em tÆ°á»Ÿng Ä‘Æ¡n cá»§a em lÃ  cuá»‘i cÃ¹ng rá»“i cÃ¡i em tháº¥y cÃ³ lá»—i em bay ra, cÃ¡i em tháº¥y báº£ cÃ²n má»™t nÃºi Ä‘Æ¡n luÃ´n z Ä‘Ã³. Thay vÃ¬ há»i máº¥y giá» thÃ¬ tráº£ lá»i máº¥y giá» Ä‘á»ƒ ngta sáº¯p xáº¿p ngta ra chá»© sao mÃ  nÃ³i chuyá»‡n mÃ³c mÃ©o khÃ¡ch chi váº­y? CÃ²n hÃ ng thÃ¬ cÃ²n nguyÃªn áº¡.",,,0,
3324,"shipper Tiki láº¡i nhÃ  khÃ´ng gá»i, Ä‘Æ¡n 134k Ä‘Æ°a 205k má»›i thá»‘i cÃ³ 60k thÃ¬ cháº¡y Ä‘i luÃ´n, chÆ°a tÃ­nh ká»‹p thiáº¿u 10k ná»¯a, nhÆ° Äƒn cÆ°á»›p váº­y",,,0,
3343,Dá»‹ch vá»¥ giao hÃ ng quÃ¡ tá»‡. Háº¹n giao tá»« 5h xong bÃ¡o 5h30 qua. Rá»“i tá»›i gáº§n 6h váº«n chÆ°a qua. MÃ¬nh gá»i thÃ¬ má»›i e Ä‘ang qua. chÆ°a tá»›i nÆ¡i thÃ¬ Ä‘Ã£  gá»i mÃ¬nh xuá»‘ng. Xuá»‘ng Ä‘á»©ng Äá»£i ráº¥t lÃ¢u. Gá»i láº¡i thÃ¬ báº£o e nhá» báº¡n giao qua váº«n chÆ°a giao qua Ã  chá»‹. Xong rá»“i báº£o Ä‘á»£i láº§n ná»¯a. Sau Ä‘Ã³ hÆ¡n 10p. CÃ³ báº¡n máº·c Ã¡o tiki qua. Vá»«a cháº¡y xe vá»«a vá»›i tay Ä‘Æ°a Ä‘á»“ ra chá»© cÅ©ng kg Ä‘á»©ng láº¡i giao Ä‘Æ°á»£c Ä‘Ã ng hoÃ ng. YÃªu cáº§u tiki coi láº¡i vá» váº¥n Ä‘á» giao hÃ ng.,,,0,
3355,NgÆ°á»i mua chÆ°a há» nháº­n Ä‘Æ°á»£c sÃ¡ch,,,0,
3428,"MÃ¬nh chá»n giao hÃ ng thÃ´ng thÆ°á»ng chá»‰ cÃ³ 14k ( tiÃªu chuáº©n giao hÃ ng trong 2 3 ngÃ y)
váº­y mÃ  hÃ´m sau mÃ¬nh nháº­n hÃ ng mÃ  mÃ¬nh pháº£i tráº£ ship Ä‘áº¿n 39k (tiÃªu chuáº©n giao trong 2 - 3 giá») 
tiki lÃ m Äƒn gÃ¬ ká»³ váº­y?",,,0,
3450,"1 sao, nÃ³i chung hÃ ng tiki giao hÃ ng phÃ­ qÃ¡ cao. nhÃ¢n viÃªn phá»¥c vá»¥ ko hÃ i lÃ²ng, ko quay lai mua hang tiki",,,0,
3477,"hÃ ng chÃ­nh hÃ£ng má»—i tá»™i tiki giá» giao hÃ ng siÃªu lÃ¢u 3 thÃ¡ng sau má»›i giao quÃ¡ tháº¥t vá»ng, gá»i tá»•ng Ä‘Ã i khÃ´ng ai báº¯t mÃ¡y, chat nhÃ¢n viÃªn há»— trá»£ thÃ¬ cho khÃ¡ch chá» dÃ i cá»• khÃ´ng tháº¥y pháº£n há»“i gÃ¬. chÃ¡n khÃ´ng chá» thÃ¬ nv má»›i xuáº¥t hiá»‡n xong láº·n máº¥t tiÃªu. cháº¥t lÆ°á»£ng tiki ngÃ y cÃ ng Ä‘i xuá»‘ng ! sáº£n pháº©m chÃ­nh hÃ£ng xá»©ng Ä‘Ã¡ng 5 sao, cÃ²n tiki chÄƒm sÃ³c khÃ¡ch hÃ ng 1 sao cÅ©ng khÃ´ng xá»©ng Ä‘Ã¡ng",1,,0,
3480,cháº¥t lÆ°á»£ng ok. giao hÃ ng cháº­m hÆ¡n dá»± kiáº¿n,1,,0,
3507,"ChÆ°a nháº­n Ä‘Æ°á»£c hÃ ng, do shiper giao trá»… , shiper tá»± Ä‘á»™ng cáº­p nháº­t giao hÃ ng thÃ nh cÃ´ng, shiper Ä‘ang giÅ© kiá»‡n hÃ ng vÃ  háº¹n 6/3 giao láº¡i vÃ o bá»¯a sÃ¡ng ***",,,0,
3519,"Mua trÆ°á»›c dá»‹ch, háº¿t dá»‹ch má»›i Ä‘áº¿n , lÃ m mua 2 cÃ¡i",,,0,
3542,"Há»™p bá»‹ mÃ³p 1 gÃ³c do váº­n chuyá»ƒn. 
Pháº£i má»Ÿ vÃ  gáº­p mÃ¡y báº±ng 2 tay, ko Ä‘c báº±ng 1 tay nhÆ° quáº£ng cÃ¡o, vÃ¬ báº£n lá» khÃ¡ cá»©ng",,,0,
3555,Trá»« 2 sao do thÃ¡i Ä‘á»™ shipper ráº¥t khÃ³ chá»‹u. MÃ¬nh Ä‘Æ°a tiá»n máº·t thÃ¬ báº£o k cÃ³ tiá»n tráº£ láº¡i báº¯t mÃ¬nh pháº£i chuyá»ƒn khoáº£n. Náº¿u mÃ¬nh cÃ³ tiá»n trong tk thÃ¬ mÃ¬nh Ä‘Ã£ chuyá»ƒn ngay tá»« Ä‘áº§u rá»“i áº¡. Ráº¥t k hÃ i lÃ²ng vá»›i thÃ¡i Ä‘á»™ cá»§a shipper.,,,0,
3582,"Ä‘áº·t hÃ ng cáº£ thÃ¡ng Ä‘áº¿n khi giao thÃ¬ khÃ´ng cÃ³, vÃ¬ giao chung vá»›i hÃ ng khÃ¡c nÃªn khi má»Ÿ ra thÃ¬ thiáº¿u nhÆ°ng váº«n tÃ­nh tiá»n. cáº§n giáº£i quyáº¿t gáº¥p.",,,0,
3635,"1 sao, nÃ³i chung hÃ ng tiki giao hÃ ng phÃ­ qÃ¡ cao. nhÃ¢n viÃªn phá»¥c vá»¥ ko hÃ i lÃ²ng, ko quay lai mua hang tiki",,,0,
3641,Tá»‡ tÃ¡ch Ä‘Æ¡n tÃ­nh tiá»n nhiá»u láº§n,,,0,
3673,"1 sao, nÃ³i chung hÃ ng tiki giao hÃ ng phÃ­ qÃ¡ cao. nhÃ¢n viÃªn phá»¥c vá»¥ ko hÃ i lÃ²ng, ko quay lai mua hang tiki",,,0,
3701,"Tiki giao hÃ ng khÃ´ng Ä‘Ãºng háº¹n. 
VÃ¬ mÃ¬nh muá»‘n mua nhanh nÃªn Ä‘Ã£ mua thÃªm gÃ³i TikiNow máº¥t 99k cuá»™c Ä‘á»i. Sau Ä‘Ã³, mÃ¬nh Ä‘áº·t thÃ¬ Tiki háº¹n sáº½ giao trong hÃ´m nay (30/6), mÃ£i Ä‘áº¿n 18 giá» 38 cÃ¹ng ngÃ y tÃ¬nh tráº¡ng Ä‘Æ¡n má»›i chuyá»ƒn qua â€œÄang váº­n chuyá»ƒnâ€, trong khi tÃ¬nh tráº¡ng Ä‘Æ¡n háº¹n lÃ  â€œGiao trong hÃ´m nay (30/6). VÃ¬ Ä‘á»‹a chá»‰ mÃ¬nh Ä‘áº·t lÃ  á»Ÿ vÄƒn phÃ²ng cÃ´ng ty, 7h tá»‘i mÃ¬nh pháº£i xÃ¡ch xe cháº¡y tá»« Thá»§ Äá»©c lÃªn Q1 Ä‘á»©ng Ä‘á»£i, Ä‘á»£i Ä‘áº¿n 8h30 tá»‘i Ä‘Ã nh pháº£i ra vá». MÃ£i Ä‘áº¿n 8h sÃ¡ng nay (01/07) má»›i báº¯t Ä‘áº§u váº­n chuyá»ƒn giao hÃ ng. Náº¿u váº­y Tiki nÃªn thÃ´ng bÃ¡o hay cÃ³ má»™t Ä‘á»™ng thÃ¡i xin lá»—i hay chuyá»ƒn thÃ´ng bÃ¡o Ä‘á»ƒ mÃ¬nh biáº¿t lÃ  khÃ´ng nháº­n Ä‘Æ°á»£c trong ngÃ y. Báº¯t mÃ¬nh Ä‘á»£i hÆ¡n má»™t ngÃ y, cháº¡y xe 7h tá»‘i lÃªn rá»“i 8h30 tá»‘i vá» giá»¯a trÄƒm cÃ´ng ngÃ n viá»‡c, rá»“i máº¥t 99k cuá»™c Ä‘á»i mua TikiNow chá»‰ mong giao nhanh trong ngÃ y. VÃ  mÃ¬nh bá»‹ sáº¿p khiá»ƒn trÃ¡ch :( Sáº£n pháº©m dÃ¹ng tá»‘t, nhÆ°ng cÃ¡ch tÆ°Æ¡ng tÃ¡c vá»›i khÃ¡ch hÃ ng Ä‘á»ƒ thÃ´ng bÃ¡o khi nÃ o nháº­n hÃ ng láº¡i chÆ°a á»•n. Hy vá»ng Tiki kháº¯c phá»¥c háº¡n cháº¿ nÃ y.",,,0,
3711,"giao quÃ¡ cháº­m 26 ngÃ y má»›i tá»›i , Ä‘Ã£ mua má»›i rá»“i nhÆ°ng vÃ¬ dá»‹ch nÃªn thÃ´ng cáº£m shop vÃ  thÆ°Æ¡ng shiper nÃªn nháº­n ná»¯a",,,0,
3723,"Thá»i gian dá»± kiáº¿n giao trÃªn web lÃ  thá»© 4 mÃ  Ä‘áº¿n tá»‘i thá»© 5 má»›i nháº­n Ä‘Æ°á»£c Ä‘iá»‡n thoáº¡i cá»§a shipper háº¹n giao vÃ o thá»© 6. Rá»“i tá»‘i thá»© 6 láº¡i gá»i háº¹n giao vÃ o sÃ¡ng thá»© 7, nhÆ°ng Ä‘áº¿n chiá»u thá»© 7 váº«n khÃ´ng tháº¥y giao, khÃ´ng liÃªn láº¡c láº¡i. Äáº¿n giá» váº«n chÆ°a nháº­n Ä‘Æ°á»£c hÃ ng nhÆ°ng tráº¡ng thÃ¡i Ä‘Æ¡n hÃ ng Ä‘Ã£ chuyá»ƒn thÃ nh ""Giao thÃ nh cÃ´ng"". Ráº¥t tháº¥t vá»ng vá»›i Tiki.",,,0,
3777,KhÃ´ng hiá»ƒu giao hang tháº¿ nÃ o lÃ  â€œ thÃ nh cÃ´nâ€?MÃ¬nh Ä‘i váº¯ng maf váº«n giao hÃ ng Ä‘c má»›i ká»³ chÆ°?,,,0,
3786,Giao quÃ¡ lÃ¢u. Chá» giao ngÃ¡n sÃ² lun,,,0,
3829,Giao hÃ ng lÃ¢u zzzzzzzzzzzzzzzzz,,,0,
3842,Thu phÃ­ ship láº» khia chia Ä‘Æ¡n hÃ ng,,,0,
3847,"Thá»i gian giao hÃ ng lÃ¢u, sáº£n pháº©m bá»‹ dÃ­nh nÆ°á»›c mÆ°a, nhÃ¢n viÃªn giao hÃ ng chÆ°a cÃ³ trÃ¡ch nhiá»‡m",,,0,
3919,Giao hÃ nh trá»… máº¥y ngÃ y dÃ¹ chá»‰ giao trong TPHCM. KhÃ´ng Ä‘Ãºng háº¹n lÃ m khÃ¡ch hÃ ng khÃ´ng sáº¯p xáº¿p thá»i gian Ä‘á»ƒ nháº­n hÃ ng Ä‘Æ°á»£c. CÃ ng ngÃ y cÃ ng tháº¥t vá»ng vá» dá»‹ch vá»¥ cá»§a Tiki,,,0,
3922,"Äáº·t hÃ ng hÆ¡n 1 tuáº§n mÃ  ko chá»‹u giao
Tiki lÃ m cÃ ng ngÃ y cÃ ng tháº¥t vá»ng",,,0,
3950,"Shipper giao hÃ ng ráº¥t thÃ¡i Ä‘á»™, sá»‘ Ä‘iá»‡n thoáº¡i ***, gá»i Ä‘t gia hÃ ng lÃºc 13:08 phÃºt, ""tÃ´i nÃ³i ngÆ°á»i nhÃ  Ä‘ang ra láº¥y, anh Ä‘á»£i chÃºt xÃ­u"" Ä‘áº¿n 13:11 phÃºt gá»i láº¡i nÃ³i cÃ³ ngÆ°á»i ra láº¥y khÃ´ng anh ? Ä‘Æ¡n nÃ y khÃ´ng Ä‘á»£i Ä‘Æ°á»£c .... ( cÃ¡ch nÃ³i chuyá»‡n mÃ y cÃ³ ra láº¥y khÃ´ngm khÃ´ng thÃ¬ tao bá» ? ). NhÃ¢n viÃªn kiá»ƒu Ä‘Ã³ mÃ  kÃªu chuyÃªn nghiá»‡p gÃ¬",,,0,
3953,chÃ o tiki. mÃ¬nh Ä‘Ã£ Ä‘áº·t 3 Ä‘Æ¡n sÃ¡ch ehon trong Ä‘Ã³ cÃ³ 1 Ä‘Æ¡n la bá»™ sÃ¡ch nÃ y vÃ  thanh toÃ¡n trÆ°á»›c. tuy nhiÃªn Ä‘áº¿n bÃ¢y giá» mÃ¬nh váº«n ko nháº­n Ä‘c hÃ ng. nhÆ°ng theo dÃµi Ä‘Æ¡n hÃ ng thÃ¬ bÃ¡o Ä‘Ã£ giao hÃ ng thÃ nh cÃ´ng. Ä‘á» nghá»‹ tiki kiá»ƒm tra láº¡i vÃ  giao hÃ ng cho mÃ¬nh. mÃ¬nh Ä‘á»£i hÆ¡n 1 tuáº§,,,0,
3961,MÃ¬nh Ä‘áº·t vá»¥ng trá»™m ko thá»ƒ giáº¥u sao láº¡i giao mÃ¬nh sÃ¡ch nÃ y váº­yğŸ˜ƒ mong nhÃ  sÃ¡ch tráº£ lá»i tin cá»§a mÃ¬nh vá»›i tá»‘n hÆ¡n 200k mÃ  hÃ ng cá»§a mÃ¬nh cháº£ tháº¥y Ä‘Ã¢u,,,0,
3974,"KhÃ´ng hÃ i lÃ²ng, vÃ¬ mua hÃ ng qua Tiki lÃ  Ä‘á»ƒ tiáº¿t kiá»‡m thá»i gian Ä‘i láº¡i. NgÆ°á»i giao hÃ ng chuyá»ƒn (thá»‘i láº¡i tiá»n) tiá»n qua sá»‘ Ä‘iá»‡n thoáº¡i khiáº¿n tÃ´i láº¡i pháº£i máº¥t ná»­a buá»•i ra NgÃ¢n hÃ ng VIB Ä‘á»ƒ giao dá»‹ch láº¥y tiá»n thá»‘i. Náº¿u láº§n sau nhÆ° váº­y sáº½ khÃ´ng mua hÃ ng qua Tiki ná»¯a.",,,0,
3982,Giao hÃ ng quÃ¡ lÃ¢u,,,0,
4019,"1. sáº£n pháº©m: khÃ¡ á»•n trong táº§m giÃ¡, mÃ¡y má»›i xÃ i khÃ´ng cÃ³ gÃ¬ pháº£i chÃª. hÃ ng á»Ÿ tiki trading mÃ¬nh chÆ°a bao giá» Ä‘áº¯n Ä‘o.
2. shiper: ráº¥t nhiá»‡t tÃ¬nh, vÃ¬ mÃ¬nh lÃ m cty vá» trá»… khÃ´ng giao Ä‘Æ°á»£c nÃªn nhá» a láº¥y hÃ ng vá» nhÃ  xong ra ca mÃ¬nh láº¥y. khÃ¡ ok
3. Ä‘Æ¡n vá»‹ giao hÃ ng: kÃ©m. tháº­t sá»± khi nháº­n Ä‘Æ°á»£c gÃ³i hÃ ng mÃ¬nh ráº¥t báº¥t ngá», nÃ³ bá»‹ mÃ³p tá»« bÃªn ngoÃ i, mÃ³p luÃ´n há»™p Ä‘á»±ng Ä‘iá»‡n thoáº¡i. cháº¯c lÃ  cÃ³ sá»± xáº¿p chá»“ng vá»›i lá»±c lá»›n. dáº«u biáº¿t lÃ  hÃ ng Ä‘i phÃ¢n loáº¡i nhiá»u xáº¿p chá»“ng lÃªn nhau nhÆ°ng lÃ  hÃ ng cÃ³ giÃ¡ trá»‹ mÃ  Ä‘á»ƒ bá»‹ nhÆ° váº­y lÃ  mÃ¬nh tháº­t sá»± khÃ¡ tháº¥t vá»ng. may khi má»Ÿ ra Ä‘iá»‡n thoáº¡i khÃ´ng bá»‹ gÃ¬.",1,,0,
4051,"TÃ´i Ä‘áº·t hÃ ng tá»« 3/8. 
Dá»± kiáº¿n giao hÃ ng 8/8. 
Äáº¿n 8/8 tiki gá»­i tin nháº¯n giao hÃ ng 10/8. 
HÃ´m nay lÃ  12/8 ... tráº¡ng thÃ¡i ... Ä‘ang Ä‘Ã³ng gÃ³i ...",,,0,
4132,"Shipper thÃ¡i Ä‘á»™, chá»­i khÃ¡ch, tá»™i báº­n viá»‡c khÃ´ng nghe mÃ¡y Ä‘Æ°á»£c, lÃºc sau anh ta gá»i láº¡i chá»­i tÃ´i, lÃºc xuá»‘ng nháº­n hÃ ng láº¡i cÅ©ng chá»­i tÃ´i láº§n ná»¯a. Láº§n Ä‘áº§u tiÃªn tÃ´i mua hÃ ng online mÃ  gáº·p shipper thá»ƒ loáº¡i nÃ y",,,0,
4136,"MÃ¡y nguyÃªn seal, nhÆ°ng mÃ u há»“ng hÆ¡i nháº¡t, nhÃ¬n nhÆ° mÃ u tráº¯ng, thÃªm 30k Ä‘á»ƒ giao siÃªu tá»‘c mÃ  shipper cÃ¡u ká»‰nh, cuá»‘i giá» thang mÃ¡y cháº­m vá»›i tráº» con nghá»‹ch xuá»‘ng cháº­m chÃºt xÃ­u mÃ  cÃ¡u nháº·ng lÃªn, nÃ³i Ä‘i nÃ³i láº¡i!",,,0,
4174,"váº­n chuyá»ƒn: thÃ¡i Ä‘á»™ shipper.náº¿u cÃ³ sao Ã¢m cháº¯c cho luÃ´n. shipper Ä‘áº¿n sai nÆ¡i nhÆ°ng khi mÃ¬nh gá»i Ä‘iá»‡n thÃ¬ anh ta nÃ³i "" cÃ³ bá»‹ tháº§n kinh khÃ´ng?"" mÃ¬nh chÆ°a tá»«ng tháº¥y shipper nÃ o cÃ³ thÃ¡i Ä‘á»™ tá»‡ nhÆ° nÃ y.",,,0,
4177,Giao hÃ ng cháº­m - rÆ°á»m ra trong khÃ¢u giao hÃ ng-khÃ´ng nháº­n Ä‘Æ°á»£c cuá»™c gá»i tá»« shipper mÃ  gá»­i mail báº£o khÃ´ng liÃªn láº¡c Ä‘Æ°á»£c,,,0,
4253,Giao hÃ ng khÃ´ng Ä‘Ãºng thá»i háº¡n,,,0,
4300,Ko cháº¥p nháº­n Ä‘Æ°á»£c thÃ¡i Ä‘á»™ nhÃ¢n viÃªn váº­n chuyá»ƒn cá»§a Tiki.,,,0,
4317,"Giao hÃ ng tá»‡ quÃ¡, cá»© Ä‘iá»‡n mÃ¬nh hoÃ i",,,0,
4319,"(*) ÄÃ¡nh giÃ¡ khÃ´ng tÃ­nh Ä‘iá»ƒm
Giao hÃ ng ráº¥t nhanh mÃ¬nh ráº¥t Æ°ng. Cháº¯c ná»‹ch sáº½ táº·ng 5 sao. NhÆ°ng ko. GÃ³i hÃ ng bá»‹ dÃ­nh nÆ°á»›c Æ°á»›t báº©n háº¿t sÃ¡ch bÃªn trong. SÃ¡ch mÃ¬nh Ä‘i táº·ng mÃ  nÃ³i tháº­t lÃ  táº·ng thÃ¬ ngáº¡i mÃ  Ä‘áº·t láº¡i thÃ¬ khÃ´ng ká»‹p. _x000D_
Má»™t tráº£i nghiá»‡m tháº¥t vá»ng.",,,0,
4321,"MiÌ€nh nghiÌƒ laÌ€ saÌch hay nÃªn mua, maÌ€ Ä‘uÌng laÌ€ hay thÃ¢Ì£t, chiÌ‰ bÆ°Ì£c thaÌi Ä‘Ã´Ì£ cuÌ‰a chiÌ£ ship haÌ€ng, ai Ä‘Æ¡Ì€i goÌ£i khaÌch ra lÃ¢Ìy haÌ€ng, khaÌch ra chÆ¡Ì€ 15p chÆ°a thÃ¢Ìy Ä‘Ã¢u, khaÌch vÃªÌ€ thiÌ€ 5p sau goÌ£i hoÌ‰i, khaÌch noÌi chÆ¡Ì€ lÃ¢u quaÌ vÃªÌ€ thiÌ€ laÌ£i mÄƒÌng ngÆ°Æ¡Ì£c laÌ£i khaÌch rÄƒÌ€ng laÌ€ tÃ´i Ä‘i ship chÆ¡Ì€ haÌ€ng tiÃªÌng coÌ€n dc, cÃ´ ra chÆ¡Ì€ coÌ nÃ´Ì‰i 5p ko, miÌ€nh hiÃªÌ€n chÆ°Ì phaÌ‰i ngÆ°Æ¡Ì€i khaÌc chÄƒÌc boom luÃ´n quaÌ, Ã¢u cuÌƒng nghiÌƒ viÌ€ hoÌ£ thÃªÌ nÃªn mÆ¡Ìi laÌ€m ship, khÃ´n kheÌo Ä‘aÌƒ laÌ€m Ã´ng noÌ£ baÌ€ kia, lÃ¢Ì€n naÌ€y thÆ°Ì£c sÆ°Ì£ thÃ¢Ìt voÌ£ng vÃªÌ€ diÌ£ch vuÌ£ cuÌ‰a tiki",,,0,
4374,BÃ¬a Ä‘áº¹p nhÆ°ng cÃ³ láº½ mÃ¬nh Ä‘Ã£ kÃ¬ vá»ng hÆ¡i cao vÃ o ná»™i dung vÃ  giao hÃ ng cá»§a Tiki.,,,0,
4386,"Ná»™i dung sÃ¡ch thÃ¬ hay, xem qua vÃ i trang khÃ¡ giá»‘ng vá»›i quyá»ƒn OLDA, mÃ  giao hÃ ng tá»‡ khÃ´ng chá»‹u ná»•i. Giao hÃ ng vÃ o ngÃ y mÆ°a cÃ³ thá»ƒ thÃ´ng cáº£m Ä‘Æ°á»£c nhÆ°ng khÃ´ng che cháº¯n kÄ© lÃ m Æ°á»›t háº¿t há»™p, há»™p sÃ¡ch bÃªn trong bá»‹ mÃ³p vÃ  rÃ¡ch.",,,0,
4389,"HÃ ng cá»§a tiki nÃªn máº¡nh dáº¡n Ä‘Ã¡nh giÃ¡ 1 sao. Ko giao Ä‘Æ°á»£c hÃ ng cho khÃ¡ch, gá»i Ä‘iá»‡n xin lá»—i, mÃ¬nh cháº¥p nháº­n vÃ  nÃ³i :â€lá»—i cá»§a tiki thÃ¬ tiki tá»± huá»· Ä‘Æ¡n Ä‘i â€œ hÆ¡n thÃ¡ng sau tÃ² tÃ² ra Ã´ng shipper gá»i Ä‘iá»‡n giao sÃ¡ch ??",,,0,
4420,"(*) ÄÃ¡nh giÃ¡ khÃ´ng tÃ­nh Ä‘iá»ƒm
NhÃ¢n viÃªn giao hÃ ng tá»‡....",,,0,
4434,Thá»i gian giao hÃ ng lÃ¢u hÆ¡n dá»± kiáº¿n,,,0,
4479,"Tiki dáº¡o nÃ y giao hÃ ng k Ä‘Ãºng háº¹n ? mÃ¬nh sáº¯p xáº¿p thgian nháº­n hÃ ng khÃ³ quÃ¡. Tiki vui lÃ²ng xem láº¡i váº¥n Ä‘á» nÃ y, khÃ¡ch Ä‘áº·t hÃ ng onl cÃ³ hiá»ƒn thá»‹ tgian nháº­n hÃ ng dá»± kiáº¿n, há»“i trÆ°á»›c ngÃ y giao Ä‘Ãºng láº¯m mÃ  gáº§n Ä‘Ã¢y trá»… háº¡n cá»§a mÃ¬nh láº§n nÃ y lÃ  láº§n thá»© 2 trong cÃ¹ng má»™t thÃ¡ng.",,,0,
4539,"TÃ´i Ä‘áº·t hÃ ng ngÃ y 15/6 trong chá» Ä‘á»£i mÃµi mÃ²n Ä‘áº¿n hÃ´m nay thÃ¬ tiki hiá»ƒn thá»‹ Ä‘Ã¡nh giÃ¡ trong khi tÃ´i tháº­t sá»± chÆ°a há» nháº­n Ä‘Æ°á»£c Ä‘Æ¡n hÃ ng hay cuá»™c gá»i nÃ o?
TÃ´i tháº­t tháº¥t vá»ng vá» cÃ¡ch lÃ m viá»‡c cá»§a tiki!",,,0,
4542,"(*) ÄÃ¡nh giÃ¡ khÃ´ng tÃ­nh Ä‘iá»ƒm
Giao hÃ ng quÃ¡ cháº­m... Cháº­m hÆ¡n dá»± kiáº¿n cáº£ gáº§n 10 ngÃ y... Ko há»‘i lÃ  váº«n cho á»Ÿ kho khÃ´ng giao",,,0,
4658,"Giao hÃ ng ko Ä‘Ãºng háº¹n, trá»… háº¹n 2 ngÃ y",,,0,
4675,"ÄÃ¡nh giÃ¡ 1 sao vÃ¬ shipper quÃ¡ bá»‘ lÃ¡o. Shipper khÃ³ chá»‹u vá»›i khÃ¡ch vÃ¬ pháº£i ship sÃ¡ng chá»§ nháº­t, báº¯t khÃ¡ch láº§n sau Ä‘áº·t tá»‘i thá»© 7. LÃ¡o háº¿t chá»— nÃ³i. Viá»‡c khÃ¡ch Ä‘áº·t giao nhanh lÃ  quyá»n cá»§a khÃ¡ch, Ã´ng *** muá»‘n ship thÃ¬ cho ngÆ°á»i khÃ¡c lÃ m.",,,0,
4682,"ÄÆ¡n hÃ ng chuyá»ƒn tá»« tiáº¿p nháº­n sang bÃ n giao váº­n chuyá»ƒn máº¥t 3,4 ngÃ y. Gáº§n 1 tuáº§n má»›i nháº­n Ä‘Æ°á»£c hÃ ng (trong khi ghi thá»i gian nháº­n hÃ ng 2 ngÃ y). Tiki cáº§n cáº£i thiá»‡n thá»i gian giao hÃ ng náº¿u muá»™n cáº¡nh tranh tá»‘t. Hay tiki lÃ m váº­y Ä‘á»ƒ má»i ngÆ°á»i dÃ¹ng tiki now nhiá»u hÆ¡n ???",,,0,
4745,"(*) ÄÃ¡nh giÃ¡ khÃ´ng tÃ­nh Ä‘iá»ƒm
ChÆ°a nháº­n Ä‘Æ°á»£c hÃ ng mÃ  shop bÃ¡o Ä‘Ã£ giao thÃ nh cÃ´ng lÃ  sao",,,0,
4772,"ÄÃ³ng hÃ ng cáº©u tháº£, nhÃ¢n viÃªn giao hÃ ng giao á»• cá»©ng mÃ  vá»©t vÃ o sÃ¢n lá»¡ bá»ƒ ai chá»‹u trÃ¡ch nhiá»‡m",,,0,
4780,Äáº·t tiki now giao trong 2h. MÃ  Ä‘áº¿n giá» háº¹n váº«n chÆ°a cÃ³ hÃ ng... Gá»i Ä‘iá»‡n tá»•ng Ä‘Ã i nhÃ¢n viÃªn khÃ´ng bÃ¡o Ä‘c tÃ¬nh tráº¡ng khi nÃ o sáº½ giao... Váº­y táº¡i sao thu tiá»n ship tiki now nhÆ° tháº¿?,,,0,
4783,ChÆ°a ká»ƒ Ä‘áº¿n nd nhma láº§n nÃ y tiki giao hÃ ng chÃ¡n quÃ¡. Äáº¿n nÆ¡i há»™p bá»‹ bá»¥c ra mÃ©p sÃ¡ch bá»‹ nhÆ° hÃ¬nh. ChÃ¡n :(,,,0,
4805,Äáº·t mÃ u Ä‘en nhÆ°ng láº¡i giao mÃ u tráº¯ng,,,0,
4907,"HÃ ng thÃ¬ nháº­n Ä‘Æ°á»£c rá»“i Ä‘Ã³, nhÆ°ng tá»« há»“i mua hÃ ng Tiki tá»›i giá» má»›i gáº·p pháº£i trÆ°á»ng há»£p shipper giao hÃ ng cÃ³ kháº£ nÄƒng giao tiáº¿p cá»¥c sÃºc Ä‘áº¿n váº­y.  ""Alo"" ""Giao hÃ ng"". Kháº£ nÄƒng giao tiáº¿p kÃ©m nhÆ° váº­y thÃ¬ sáº½ khÃ´ng cÃ³ láº§n mua hÃ ng trÃªn Tiki vÃ o láº§n sau. MÃ¬nh khÃ¡ tá»•n thÆ°Æ¡ng nÃªn sáº½ khÃ´ng Ä‘áº¡n giÃ¡ gÃ¬ nhiá»u ná»¯a. Táº¡m biá»‡t, thÃ¢n Ã¡i.",,,0,
4918,"CÃ¡p nhanh, tá»‘t nhÆ°ng giao hÃ ng cÃ²n cháº­m. Äá»£i 2 thÃ¡ng rá»“i mÃ  chÆ°a cÃ³, cá»© nghÄ© lÃ  tiki quÃªn Ä‘Æ¡n háº£ng cá»§a mÃ¬nh rá»“i",1,,0,
4961,"Ko hiá»ƒu sao hÃ ng Ä‘Ã£ Ä‘áº·t vÃ  Ä‘Ã£ tráº£ tiá»n Ä‘áº§y Ä‘á»§ nhÆ°ng Ä‘áº¿n nay Ä‘Ã£ 10 ngÃ y váº«n chÆ°a nháº­n Ä‘Æ°á»£c hÃ ng, trong khi dá»± kiáº¿n 4 ngÃ y lÃ  hÃ ng Ä‘áº¿n nÆ¡i???",,,0,
4974,"(*) ÄÃ¡nh giÃ¡ khÃ´ng tÃ­nh Ä‘iá»ƒm
NgÆ°á»i giao hÃ ng khÃ´ng tháº­t thÃ ",,,0,
5041,"(*) ÄÃ¡nh giÃ¡ khÃ´ng tÃ­nh Ä‘iá»ƒm
MÃ¡y tá»‘t, nhÆ°ng cÃ³ cÃ¡i mÃ¬nh mÃ¹ cÃ´ng nghá»‡, má»›i Ä‘áº§u lá»—i drive tÃ¹m lum =))) Tá»›i giá» mÃ¬nh váº«n chÆ°a cÃ i wifi Ä‘Æ°á»£c, nhÆ°ng ká»‡, mÃ¬nh mÃ² sau.
Giao hÃ ng cháº­m quÃ¡, delay láº¡i 2 3 láº§n mÃ  giÃ¡ á»Ÿ sÃ n cao hÆ¡n cÃ¡c bÃªn khÃ¡c mÃ  giao hÃ ng láº¡i lÃ¢u hÆ¡n.",1,,0,
5082,"Tráº£i nghiá»‡m mua hÃ ng tháº­t tá»‡. Giao hÃ ng lÃ¢u, feedback láº¡i thÃ¬ cÅ©ng nhÆ° ko. á»¨ng dá»¥ng ko biáº¿t khi nÃ o giao hÃ ng, bÃªn giao hÃ ng cÅ©ng ko gá»i trÆ°á»›c. MÃ¬nh sáº½ cÃ¢b nháº¯c lá»±a chá»n kÃªnh mua sáº¯m khÃ¡c.",,,0,
5099,"MÃ¡y tÃ­nh mÃ¬nh bá»‹ hÆ° á»• cá»©ng nÃªn mua á»• má»›i. Nháº­n Ä‘Æ°á»£c hÃ ng, vÃ´ nhÃ  má»Ÿ ra thÃ¬ tháº¥y há»£p bá»‹ khui trÆ°á»›c rá»“i.
Gáº¯n vÃ o mÃ¡y cÃ i win thÃ¬ chÆ°a tháº¥y lá»—i gÃ¬. Hy vá»ng lÃ  á»•n!
khÃ´ng thÃ­ch hÃ ng bá»‹ khui trÆ°á»›c nha!",,,0,
5185,"(*) ÄÃ¡nh giÃ¡ khÃ´ng tÃ­nh Ä‘iá»ƒm
KhÃ´ng Ä‘Ãºng háº¹n giao nhanh 2 tiáº¿ng ... TÃ´i khÃ´ng hÃ i lÃ²ng",,,0,
5188,"TÃ´i chÆ°a nháº­n Ä‘Æ°á»£c Ä‘Æ¡n hÃ ng, Ä‘Ã£ bÃ¡o giao hÃ ng nhÆ°ng chÆ°a há» nháº­n Ä‘Æ°á»£c hÃ ng",,,0,
5209,"Mong tiki xem xÃ©t láº¡i Ä‘á»‘i tÃ¡c váº­n chuyá»ƒn. ÄÃ¢y lÃ  láº§n thá»© 3 mÃ¬nh gáº·p váº¥n Ä‘á» vá»›i bÃªn váº­n chuyá»ƒn rá»“i. TrÆ°á»›c giá» mÃ¬nh váº«n luÃ´n á»§ng há»™ mua hÃ ng trÃªn tiki nhÆ°ng khoáº£ng vÃ i thÃ¡ng gáº§n Ä‘Ã¢y cáº£ thÃ¡i Ä‘á»™ giáº£i quyáº¿t váº¥n Ä‘á» cá»§a nhÃ¢n viÃªn tiki vÃ  bÃªn váº­n chuyá»ƒn Ä‘á»u ngÃ y cÃ ng Ä‘i xuá»‘ng.
SÃ¡ch mÃ¬nh chÆ°a Ä‘á»c nÃªn chÆ°a thá»ƒ review.",,,0,
5219,"KhÃ´ng hÃ i lÃ²ng vá» viá»‡c giao hÃ ng, máº·c dÃ¹ khÃ´ng liÃªn há»‡ giao hÃ ng nhÆ°ng láº¡i bÃ¡o lÃ  liÃªn há»‡ giao hÃ ng khÃ´ng Ä‘Æ°á»£c. Äiá»‡n thoáº¡i mÃ¬nh cáº§m 24/24, ngoÃ i ra cÃ²n Ä‘Äƒng kÃ½ cuá»™c gá»i lá»¡ (náº¿u cÃ³ gá»i khÃ´ng Ä‘Æ°á»£c thÃ¬ váº«n bÃ¡o tin nháº¯n vá» lá»¡ cuá»™c gá»i, nhÆ°ng khÃ´ng há» tháº¥y). Äá» nghá»‹ xem láº¡i bá»™ pháº­n giao hÃ ng!",,,0,
5345,"Äáº·t hÃ ng tá»« 27/12 Ä‘á»£i mÃ£i Ä‘áº¿n 3/01/2023 má»›i nháº­n Ä‘Æ°á»£c. mÃ  trÆ°á»›c Ä‘áº¥y Ä‘Ã£ nháº¯c shop cáº§n láº¥y mÃ¡y trÆ°á»›c táº¿t DL Ä‘á»ƒ Ä‘em vá» quÃª biáº¿u PH. _x000D_
Cháº¥t lÆ°á»£ng SP Ä‘á»ƒ time tráº£ lá»i",,,0,
5353,TÃ´i khÃ´ng nháº­n Ä‘Æ°á»£c cuá»‘n sÃ¡ch nÃ y.,,,0,
5360,Giao hÃ ng cháº­m trá»… so vá»›i ban Ä‘áº§u,,,0,
5374,SÃ¡ch cháº¥t lÆ°á»£ng tá»‘t. Má»—i tá»™i Ä‘áº·t gáº§n 10 ngÃ y má»›i tháº¥y giao. MÃ  cá»© Ä‘Æ¡n hÃ ng nÃ o tráº£ tiá»n trÆ°á»›c thÃ¬ giao ráº¥t cháº­m. CÃ²n chÆ°a thanh toÃ¡n thÃ¬ 2 ngÃ y sau nháº­n Ä‘Æ°á»£c hÃ ng. NÃªn cháº¯c rÃºt kinh nghiá»‡m. Náº¿u muá»‘n nháº­n hÃ ng nhanh thÃ¬ Ä‘á»«ng thanh toÃ¡n trÆ°á»›c.,1,,0,
5389,"láº§n nÃ y thá»±c sá»± bá»±c mÃ¬nh vá»›i Tiki láº§n nÃ y, tá»« HÃ  Ná»™i xuá»‘ng Háº£i PhÃ²ng á»Ÿ shoppe vs lazada chá»‰ cáº§n 1-2 hÃ´m., tiki váº­n chuyá»ƒn táº­n 10 ngÃ y trong khi giao thÃ´ng Ä‘Ã£ bÃ¬nh thÆ°á»ng ráº¥t lÃ¢u rá»“i. chÆ°a háº¿t, Ä‘Æ¡n hÃ ng ko giao, ko gá»i Ä‘iá»‡n trong khi há»‡ thá»‘ng láº¡i bÃ¡o giao hÃ ng tháº¥t báº¡i láº§n 1.",,,0,
5391,"tiki bÃ¡o chuyá»ƒn nhanh tikinow trong 2h, trÆ°á»›c 10h sÃ¡ng, Ä‘áº¿n 10h nhÃ¢n viÃªn gá»i bÃ¡o 11h chuyá»ƒn, 11h gá»i nhÃ¢n viÃªn bÃ¡o 12h30 hoáº·c 1h chuyá»ƒn, 1h gá»i bÃ¡o ngÆ°á»i khÃ¡c sáº½ chuyá»ƒn, nhÃ¬n tráº¡ng thÃ¡i thÃ nh chuyá»ƒn trÆ°á»›c 21h, lÃ m Äƒn kiá»ƒu gÃ¬ Ä‘Ã¢y áº¡? chÆ°a nháº­n hÃ ng nÃªn chÆ°a nháº­n xÃ©t cháº¥t lÆ°á»£ng nhÆ°ng á»Ÿ nhÃ  Ä‘á»£i nháº­n hÃ ng máº¥t cÃ´ng máº¥t viá»‡c tháº¿ nÃ y...thá»±c sá»± ráº¥t ráº¥t ko hÃ i lÃ²ng",,,0,
5420,"SÃ¡ch ráº¥t hay, Ä‘á»c ráº¥t tÄ©nh tÃ¢m, cho nÃªn quyáº¿t Ä‘á»‹ch mua lÃ m quÃ  táº·ng. NhÆ°ng tiki láº¡i giao cháº­m ngÃ y, má»™t Ä‘Æ¡n hÃ ng quÃ  táº·ng Ä‘Ã¡ng láº½ khÃ´ng nÃªn cÃ³ cháº­m trá»…, mÃ¬nh ráº¥t tháº¥t vá»ng vÃ¬ Ä‘iá»u nÃ y.",1,,0,
5486,Giao hÃ ng quÃ¡ cháº­m vÃ  ko cáº­p nháº­t Ä‘Æ°á»£c chÃ­nh xÃ¡c tÃ¬nh tráº¡ng giao hÃ ng,,,0,
5501,shipper thÃ¡i Ä‘á»™ ko Ä‘c tá»‘t láº¯m,,,0,
5548,"Äiá»‡n thoáº¡i Ä‘áº¹p, nguyÃªn seal chinsh hÃ£ng, Ä‘Ã³ng gÃ³i ká»¹ cÃ ng. Trá»« 2 sao vÃ¬ láº§n nÃ y tiki giao hÃ ng khÃ´ng Ä‘Ãºng ngÃ y dá»± kiáº¿n. LÃ m mÃ¬nh Ä‘áº·t Ä‘á»‹a chá»‰ giao vá» nhÃ  vÃ o cuá»‘i tuáº§n, nhÆ°ng dá»i ngÃ y giao sang trong tuáº§n, Ä‘á»•i Ä‘á»‹a chá»‰ nháº­n hÃ ng k Ä‘Æ°á»£c. Tráº§y tráº­t láº¯m má»›i nháº­n Ä‘c Ä‘Æ¡n",1,,0,1
5605,Giao hÃ ng kÃ©m nÃ³i chuyá»‡n máº¥t lá»‹ch sá»±. Chá» xÃ­u mÃ  lÃ m nhÆ° Ä‘i Äƒn cÆ°á»›p váº­y.,,,0,
5607,"Shipper giao hÃ ng gá»i Ä‘iá»‡n thoáº¡i nÃ³i chuyá»‡n quáº¡o quá», máº¡ng yáº¿u nghe khÃ´ng rÃµ. CÅ©ng khÃ´ng nÃ³i ai tá»« Ä‘Ã¢u. _x000D_
Xuá»‘ng tá»›i nÆ¡i láº¥y hÃ ng máº·t quáº¡o tiáº¿p, khÃ´ng nÃ³i Ä‘Æ°á»£c 1 cÃ¢u + cáº§m Ä‘iáº¿u thuá»‘c. _x000D_
MÃ¬nh há»i cÃ³ pháº£i giao Ä‘Æ¡n hÃ ng cho mÃ¬nh khÃ´ng thÃ¬ giÆ¡ Ä‘á»“ lÃªn, Ä‘Æ°a xong khÃ´ng nÃ³i Ä‘c 1 tiáº¿ng xÃ£ giao mÃ  lo vá»t láº¹._x000D_
Tiki cÃ³ chá»— cho Ä‘Ã¡nh giÃ¡ shipper khÃ´ng váº­y ?",,,0,
5632,Sáº£n pháº©m tá»‘t. NhÆ°ng lÃ m Æ¡n Ä‘á»«ng Ä‘á»ƒ Best giao hÃ ng ná»¯a,1,,0,
5654,Ä‘áº·t lÃºc sÃ¡ng tá»‘i má»›i giao chÃ¡n,,,0,
5691,Sáº£n pháº©m gá»­i bá»‹ vá»¡ . Ko nhÆ° quáº£ng cÃ¡o,,,0,
5756,"ÄÃ³ng gÃ³i tá»‘t mÃ  bá»‹ váº­t nhá»n Ä‘Ã¨, giá» cÃ¡i bÃ¬a táº­p 2 Ä‘áº±ng sau bá»‹ df, chá»§ quan tháº¥y cÃ¡i há»™p nguyÃªn váº¹n mÃ  ko quay, do ko cÃ³ video liá»n ko Ä‘á»•i tráº£ Ä‘c...buá»“n",,,0,1
5814,"Cháº¥t lÆ°á»£ng hÃ ng ráº¥t tá»‘t nhÆ°ng ship hÃ ng quÃ¡ cháº­m, Ä‘áº·t hÃ ng tá»« 10/6 táº­n 15/6 má»›i giao hÃ ng. Shop cáº§n chÃº Ã½ hÆ¡n",1,,0,
5832,tam dc nhung giao hang qua ngay,,,0,
5889,"sáº£n pháº©m cháº¥t lÆ°á»£ng, giÃ¡ tá»‘t, bÃªn giao hÃ ng quÃ¡ tá»‡ !!!",1,,0,
5899,Cháº¿ Ä‘á»™ giao hÃ ng vÃ  háº­u mÃ£i quÃ¡ phÃ¨n chua,,,0,
5902,Äáº·t shjp hcm. Shjp háº£i phÃ²ng,,,0,
5943,"Ban Ä‘áº§u tháº¥y ngon, chÆ°a sá»­ dá»¥ng nÃªn chÆ°a biáº¿t tháº¿ nÃ o. Giao hÃ ng cháº­m.",,,0,
6011,"(*) ÄÃ¡nh giÃ¡ khÃ´ng tÃ­nh Ä‘iá»ƒm
Sáº£n pháº©m Ä‘áº¹p, giao hÃ ng quÃ¡ cháº­m so vá»›i dá»± kiáº¿n",1,,0,
6089,"thÃ¡i Ä‘á»™ shiper quÃ¡ tá»‡, khÃ´ng thá»ƒ cháº¥p nháº­n Ä‘Æ°á»£c",,,0,
6091,Ráº¥t ghÃ©t thÃ¡i Ä‘á»™ cá»§a shiper,,,0,
6143,Giao HÃ ng cháº­m quÃ¡ nÃªn cho 3*,,,0,
6152,"Äáº·t hÃ ng tá»« 27/12 Ä‘á»£i mÃ£i Ä‘áº¿n 3/01/2023 má»›i nháº­n Ä‘Æ°á»£c. mÃ  trÆ°á»›c Ä‘áº¥y Ä‘Ã£ nháº¯c shop cáº§n láº¥y mÃ¡y trÆ°á»›c táº¿t DL Ä‘á»ƒ Ä‘em vá» quÃª biáº¿u PH. _x000D_
Cháº¥t lÆ°á»£ng SP Ä‘á»ƒ time tráº£ lá»i",,,0,
6211,"Giao hÃ ng lÃ¢u, bÃ¡o k giao dÃ¹ shiper chÆ°a Ä‘iá»‡n",,,0,
6222,"KhÃ´ng bÃ n vá» cháº¥t lÆ°á»£ng sáº£n pháº©m vÃ¬ lÃ  hÃ ng chÃ­nh hÃ£ng...nÃ³i vá» cÃ¡ch mÃ  tiki sá»­ dá»¥ng dá»‹ch vá»¥ giao hÃ ng...
TrÆ°á»›c Ä‘Ã¢y cÃ¡c dv cÃ²n lÃ m viá»‡c khÃ¡ tá»‘t..dao gáº§n Ä‘Ã¢y tiki láº¡i Ä‘á»ƒ háº³n cho tháº±ng giao hÃ ng Best gÃ¬ Ä‘áº¥y á»Ÿ vÄ©nh long....
Náº¿u anh chá»‹ nÃ o á»Ÿ vÄ©nh long thÃ´i nÃ© tiki ra luÃ´n Ä‘i cho lÃ nh..
DV Best giao hÃ ng mÃ  nhÆ° Ã´ng ná»™i mÃ¬nh...giá»ng xáº¥c xÆ°á»£c..lÃ¡o toÃ©t....thÃ¡i Ä‘á»™ nv thÃ¬ nhÆ° thá»ƒ mÃ¬nh pháº£i háº§u háº¡ chÃºng nÃ³....
khÃ´ng pháº£i bá»‹ 1-2 Ä‘Æ¡n mÃ  mÃ¬nh phÃ¡n..mÃ  mÃ¬nh bá»‹ Ä‘áº¿n 4-5 Ä‘Æ¡n hÃ ng rá»“i..",,,0,
6273,"Thá»i gian giao hÃ ng ráº¥t lÃ¢u. Náº¿u mÃ¬nh khÃ´ng yÃªu cáº§u cskh thÃ¬ cÃ³ láº½ Ä‘Æ¡n nÃ y cá»§a mÃ¬nh Ä‘Ã£ bá»‹ há»§y, trong khi Ä‘á»ƒ cÃ³ Ä‘Æ°á»£c giÃ¡ sale thÃ¬ canh ráº¥t cá»±c khá»•. Náº¿u bá»‹ há»§y thÃ¬ cÅ©ng xem nhÆ° chÆ°a cÃ³ gÃ¬ xáº£y ra hay sao ğŸ™‚",,,0,
6277,"shipper giao hÃ ng chÆ°a lá»‹ch sá»±, khÃ´ng tá»‘t nhÆ° quáº£ng cÃ¡o",,,0,
6360,"Váº­n chuyá»ƒn ráº¥t cháº­m cho gÃ³i giao tiÃªu chuáº©n, cá»¥ thá»ƒ hoÃ£n Ä‘á»•i lá»‹ch váº­n chuyá»ƒn 2 láº§n, cháº­m 2-3 ngÃ y so vá»›i dá»± kiáº¿n ban Ä‘áº§u.
Sáº£n pháº©m dá»… dÃ¹ng, cháº¥t lÆ°á»£ng tá»‘t",,,0,
6372,Giao hÃ ng quÃ¡ trá»… !!!!!!!,,,0,
6404,khÃ´ng giao hÃ ng mÃ  cÃ³ Ä‘Ã¡nh gia,,,0,
6418,"Tiki cÃ³ nháº¯n tin thÃ´ng bÃ¡o vá» viá»‡c giao hÃ ng trÆ°á»›c 0.5h. Tuy nhiÃªn k pháº£i lÃºc nÃ o ngÆ°á»i ta cÅ©ng chÃº Ã½ Ä‘áº¿n tin nháº¯n trÃªn Ä‘iá»‡n thoáº¡i.
NhÃ¢n viÃªn giao hÃ ng toÃ n Ä‘áº¿n lÃºc 5gio chiá»u. ÄÃ¢y lÃ  thá»i gian Ä‘Æ°a Ä‘Ã³n con Ä‘i há»c, Ä‘i chá»£, ráº¥t báº­n rá»™n mÃ  nvgh toÃ n lÃ  Ä‘áº¿n nÆ¡i má»›i gá»i nÃªn gÃ¢y ra phiá»n hÃ  trong viá»‡c sáº¯p xáº¿p Ä‘á»ƒ nháº­n hÃ ng. YÃªu cáº§u chá» Ä‘á»ƒ nháº­n sau 5g thÃ¬ NVGH nÃ³i lÃ  háº¿t giá» lÃ m viá»‡c vÃ  khÃ´ng phá»¥c vá»¥ ná»¯a.
TÃ´i cáº£m tháº¥y ráº¥t bá»±c mÃ¬nh vá» viá»‡c giao hÃ ng nÃ y.
Náº¿u cá»© giao hÃ ng nhÆ° váº­y tÃ´i khÃ´ng order Tiki ná»¯a vÃ  cÅ©ng sáº½ nÃ³i vá»›i ngÆ°á»i khÃ¡c vá» sá»± báº¥t tiá»‡n nÃ y.
TrÃ¢n trá»ng",,,0,
6459,"(*) ÄÃ¡nh giÃ¡ khÃ´ng tÃ­nh Ä‘iá»ƒm
MÃ­a hÃ ng chÆ°a Ä‘Æ°á»£c nháº­n mÃ  cáº­p nháº­t giao thÃ nh cÃ´ng máº¥y chÃº tÃ­nh bÃ¹a e cÃ¡i Ä‘t ak , mua hÃ ng tiki hÃ ng chá»¥c triá»‡u rá»“i chÆ°a bao h khÃ³ chá»‹u nhÆ° láº§n nÃ y ghi ngÃ y 13 giao mÃ  chá» máº¥y ngÃ y k tháº¥y giao h thÃ¬ giao thÃ nh cÃ´ng mÃ  chÆ°a Ä‘Æ°á»£c nháº­n , bao h e nháº­n Ä‘c vÃ´ cáº­p nháº­t cho a e hay",,,0,
6476,"ThÃ¡i Ä‘á»™ nhÃ¢n viÃªn giao hÃ ng cÃ¡u gáº¯t. MÃ¬nh cÃ³ miss Ä‘t khoáº£ng 5p gá»i láº¡i. ThÃ¬ bá»‹ a giao hÃ ng tl cÃ¡u gáº¯t. MÃ¬nh cÅ©ng thÃ´ng cáº£m khi a giao hÃ ng giá»¯a trá»i náº¯ng. Váº¥n Ä‘á» chÃ­nh khi mÃ¬nh nháº­n hÃ ng mÃ¬nh há»i cÃ³ ck Ä‘c ko táº¡i mÃ¬nh ko Ä‘á»§ tiá»n máº·t. ThÃ¬ thÃ¡i Ä‘á»™ Ä‘Ã³ gáº¯t gá»ng hÆ¡n vÃ  há»i mÃ¬nh â€œRá»“i lá»¡ tháº» bá»‹ nuá»‘t rá»“i rÃºt tiá»n lÃ m sao?â€ _x000D_
 Tá»« Ä‘áº§u Ä‘áº¿n cuá»‘i thÃ¬ mÃ¬nh Ä‘Ã¡nh giÃ¡ tÃ¡c phong lÃ m viá»‡c cá»§a shipper nÃ y Tá»†. LÃ  má»™t ng lÃ m trong nghÃ nh dá»‹ch vá»¥ mÃ  thÃ¡i Ä‘á»™ vs kh nhÆ° váº­y thÃ¬ mÃ¬nh ko Ä‘á»“ng Ã½. _x000D_
_x000D_
Sáº£n pháº§m thÃ¬ tá»‘t, Ä‘Ã³ng gÃ³i cáº©n tháº­n, sÃ¡ch nguyÃªn váº¹n.",,,0,
6490,Giao hÃ ng siÃªu siÃªu cháº­m. ChÆ°a tháº¥y Shop nÃ o giao hÃ ng cháº­m nhÆ° Shop nÃ y.,,,0,
6610,HÃ ng cá»§a shop OK nhÆ°ng láº¡i giao hÃ ng cháº­m hÆ¡n dá»± kiáº¿n,1,,0,
6653,"Sáº£n pháº©m cháº¥t lÆ°á»£ng tá»‘t . ÄÃ£ tá»«ng mua hÃ ng trÃªn tiki, cháº¥t lÆ°á»£ng tá»‘t, giao hÃ nh nhanh, nhÆ°ng riÃªng sáº£n pháº©m nÃ y, tÃ´i Ä‘áº·t hÃ ng tá»« ngÃ y 22/02 nhÆ°ng Ä‘áº¿n ngÃ y 07/03 má»›i cÃ³ hÃ ng. 2 tuáº§n cho 1 sáº£n pháº©m váº­n chuyá»ƒn trong nÆ°á»›c lÃ  quÃ¡ cháº­m. Ráº¥t khÃ´ng hÃ i lÃ²ng",,,0,
6681,"Ä‘áº·t hÃ ng tá»« 22 thÃ¡ng 5 giá» váº«n chÆ°a nháº­n Ä‘Æ°á»£c, bá»¯a anh giao hÃ ng gá»i mÃ¬nh ko cáº§m Ä‘iá»‡n thoáº¡i, sau Ä‘Ã³ mÃ¬nh gá»i láº¡i thÃ¬ báº¡n Ã½ báº£o xe bá»‹ hÆ° nÃªn Ä‘á»ƒ thá»© sÃ¡u ngÃ y 1/6 giao lÃ m cáº£ ngÃ y mÃ¬nh cáº§m Ä‘iá»‡n thoáº¡i chá» láº¥y mÃ  ko tháº¥y gá»i, chÃ¡n ghÃª, lÃ m mÃ¬nh lá»¡ táº·ng quÃ  thiáº¿u nhi cho con. Ä‘áº¿n giá» nÃ y váº«n chÆ°a tháº¥y Ä‘Ã¢u, hÃ´m qua mÃ¬nh cÃ³ gá»i vÃ o sá»‘ anh giao hÃ ng thÃ¬ anh Ã½ láº¡i báº£o chuyá»ƒn cho ngÆ°á»i khÃ¡c giao, Ã´i ko biáº¿t khi nÃ o má»›i cÃ³. chÃ¡n cho tiki",,,0,
6745,MÃ¬nh váº«n chÆ°a nháº­n Ä‘Æ°á»£c hÃ ng mÃ  Ä‘Ã£ bÃ¡o giao hÃ ng thÃ nh cÃ´ng. Shiper gá»i giao lÃºc 13h20 nhÆ°ng mÃ£i Ä‘áº¿n chiá»u váº«n khÃ´ng cÃ³ ai nhÆ°ng láº¡i bÃ¡o trÃªn app giao thÃ nh cÃ´ng lÃºc 13h50? Tiki nÃªn thÃªm pháº§n xÃ¡c nháº­n Ä‘Ã£ nháº­n Ä‘Æ°á»£c sáº£n pháº©m ná»¯a thÃ¬ hÆ¡n,,,0,
6759,Giao hÃ ng hÆ¡i lÃ¢u hÆ¡n dá»± kiáº¿n,,,0,
6773,"Giao hÃ ng quÃ¡ lÃ¢u, há»™p nháº­n mÃ©o mÃ³ vÃ  khÃ´ng cÃ³ má»™t lá»i giáº£i thÃ­ch Ä‘Ã ng hoÃ ng nÃ o tá»« nay mÃ¬nh sáº½ k mua hÃ ng tiki ná»¯a, Ä‘Ã£ tá»«ng ráº¥t tin tÆ°á»Ÿng tháº¿ mÃ  tháº¥t vá»ng quÃ¡ .",,,0,
6821,"HÃ ng Ä‘áº·t gáº§n 1 thÃ¡ng má»›i giao, giao hÃ ng cÃ²n báº¯t cháº¡y ra Ä‘Æ°á»ng láº¥y chá»© khÃ´ng giao vÃ´ nhÃ . Cáº¡ch tiki ra nha :)",,,0,
6845,"nghe mÃ¹i cÃ²n má»›i, cÃ³ tem báº£o hÃ nh, nhÆ°ng há»™p hÆ¡i mÃ³p mÃ©o khÃ´ng biáº¿t cÃ³ pháº£i do váº­n chuyá»ƒn khÃ´ng, nhÃ¬n khay hÆ¡i mÃ©o khÃ´ng bÃ­t cÃ³ sá»­ dá»¥ng Ä‘c khÃ´ng",1,,0,
6906,Ä‘áº·t lÃºc sÃ¡ng tá»‘i má»›i giao chÃ¡n,,,0,
6923,"SÃ¡ch giao quÃ¡ lÃ¢u, mÃ¬nh Ä‘áº·t tuáº§n rá»“i thÃ¬ 1 tuáº§n sau má»›i nháº­n Ä‘Æ°á»£c sÃ¡ch. 1 cuá»‘n ok cÃ²n cuá»‘n cÃ²n láº¡i cÃ³ váº» sÃ¡ch cÅ©, dÃ­nh dÆ¡ trÃªn bÃ¬a sÃ¡ch. Tháº¥t vá»ng vá» cÃ¡ch gÃ³i hÃ ng vÃ  váº­n chuyá»ƒn cá»§a Fahasa",,,0,
6927,"SÃCH OK 5 SAO
SHIPPER 1 SAO
MÃ¬nh mong shipper Ä‘á»c Ä‘Æ°á»£c nhá»¯ng dÃ²ng nÃ y. Shipper gá»i mÃ¬nh lÃºc sÃ¡ng 7-8h, nhÃ  mÃ¬nh buÃ´n bÃ¡n buá»•i sÃ¡ng ráº¥t báº­n khÃ´ng thá»ƒ nÃ o nháº­n hÃ ng Ä‘Æ°á»£c nÃªn mÃ¬nh háº¹n trÆ°a 11h giao vÃ  shipper cÃ³ tá» váº» khÃ³ chá»‹u, Ã  á»«m vÃ  Ä‘á»“ng Ã½. Äáº¿n trÆ°a 1h chÆ°a tháº¥y giao mÃ¬nh gá»i láº¡i thÃ¬ kÃªu Ä‘á»£i Ä‘Ã³ Ä‘i lÃ¡t giao gá»i láº¡i cho mÃ¬nh? CÅ©ng khÃ´ng nÃ³i thá»i gian bao lÃ¢u, báº¯t mÃ¬nh chá» :((( vÃ  táº§m hÆ¡n 1 tiáº¿ng shipper Ä‘áº¿n giao vÃ  mÃ¬nh cÅ©ng ok vui váº» nháº­n hÃ ng. NhÆ°ng kiá»ƒu thÃ¡i Ä‘á»™ ráº¥t bá»±c mÃ¬nh kÃ¬a :((( mÃ¬nh mua hÃ ng mÃ  chá»© Ä‘Ã¢u cÃ³ xin gÃ¬ cá»§a anh Ä‘Ã¢u sao anh khÃ³ chá»‹u dá»¯ v? Em muá»‘n nháº¯n gá»­i tá»›i anh shipper lÃ  cÃ³ lÃ m Äƒn buÃ´n bÃ¡n gÃ¬ thÃ¬ Ä‘á»«ng cau mÃ y khÃ³ chá»‹u nhÆ° váº­y, vÃ  khÃ´ng pháº£i ai cÅ©ng ráº£nh báº¥t kÃ¬ thá»i gian nÃ o Ä‘á»ƒ chá» Ä‘á»£i hÃ ng cá»§a anh. Náº¿u mÃ  biáº¿t thÃ´ng cáº£m cho nhau thÃ¬ em Ä‘Ã£ khÃ´ng viáº¿t nhá»¯ng dÃ²ng nÃ y! ChÃ o anh háº¹n khÃ´ng bao giá» gáº·p láº¡i.",1,,0,
6975,HÃ ng giao trá»… hÆ¡n thÃ´ng bÃ¡o cáº£ tuáº§n lá»…. Tiki nÃªn xem láº¡i vá» nhÃ  váº­n chuyá»ƒn Best.,,,0,
6998,"(*) ÄÃ¡nh giÃ¡ khÃ´ng tÃ­nh Ä‘iá»ƒm
KhÃ´ng nháº­n Ä‘Æ°á»£c sÃ¡ch cÅ©ng cho Ä‘Ã¡nh giÃ¡ thÃ¬ cho 1 sao thÃ´i nhÃ©",,,0,
7000,Sáº£n pháº©m ok. Tuy nhiÃªn anh giao hÃ ng sau khi kÃªu chá»‹ Æ¡i xong lÃ  áº£nh quÄƒng kiá»‡n hÃ ng cÃ¡i vÃ¨o lÃªn hÃ ng rÃ o Ä‘á»ƒ vÃ o sÃ¢n nhÃ  mÃ¬nh mÃ  ko Ä‘á»£i mÃ¬nh ra nháº­n dÃ¹ kiá»‡n cÃ³ ghi chÃº Ã½ dá»… vá»¡ .,,,0,
7003,"SÃ¡ch á»•n nha, khÃ´ng bá»‹ mÃ³p mÃ©o cÃ³ Ä‘iá»u thÃ¹ng Ä‘Ã³ng gÃ³i tan nÃ¡t quÃ¡ , thá»i gian váº­n chuyá»ƒn lÃ¢u hÆ¡n dá»± kiáº¿n ná»¯a nÃªn trá»« 2 sao cho shop 3 sao nhÃ©",1,,0,
7010,Má»›i Ä‘áº·t mua 3 cuá»‘n thÃ¬ cÃ³ 2 cuá»‘n giáº£m giÃ¡. Äá»c trÃªn gmail thÃ¬ tháº¥y cho kiá»ƒm tra hÃ ng mÃ  khi nháº­n hÃ ng thÃ¬ shipper má»™t hai tá»« chá»‘i khÃ´ng cho xem hÃ ng. May mÃ  sáº£n pháº©m cÅ©ng tÆ°Æ¡ng Ä‘á»‘i tá»‘t náº¿u khÃ´ng thÃ¬ tá»« giÃ£ tiki luÃ´n máº·c dÃ¹ mua hÃ ng trÃªn tiki ráº¥t nhiá»u rá»“i.,,,0,
7080,ship Ä‘Ã¨n mÃ©o lun rÃ²i :(((,,,0,
7112,NgÆ°á»i mua chÆ°a há» nháº­n Ä‘Æ°á»£c sÃ¡ch,,,0,
7125,"Giao hÃ ng mÃ  khÃ´ng nháº­n Ä‘Æ°á»£c, coi nhÆ° bá»‹ máº¥t hÃ ng mÃ  há»i Ä‘Ã¡nh giÃ¡ kiá»ƒu gÃ¬?",,,0,
7152,"Sáº£n pháº©m thÃ¬ tá»‘t, nhÆ°ng giao hÃ ng cháº­m hÆ¡n so vá»›i lá»‹ch, nÃªn cáº§n kháº¯c phá»¥c láº¡i",,,0,
7153,BÃ¬nh lá»c bá»‹ ná»©t + vá»¡ bÃªn trong há»™p.,,,0,
7157,giao hÃ ng bá»‹ bá»ƒ trÃªn Ä‘áº§u vÃ  Ä‘Ã­t,,,0,
7166,"shipper cao su giá», thÃ¡i Ä‘á»™ vá»›i ngÆ°á»i mua hÃ ng",,,0,
7221,MÃ¬nh Ä‘áº·t giao hÃ ng hoáº£ tá»‘c trong 2h vÃ  Ä‘Ã£ thanh toÃ¡n trÆ°á»›c tiá»n hÃ ng. Chá» gáº§n 4h váº«n k cÃ³ ai giao hÃ ng. Rá»“i shipper chÆ°a giao hÃ ng cÅ©ng chÆ°a tá»«ng liÃªn láº¡c vá»›i mÃ¬nh nhÆ°ng há»‡ thá»‘ng láº¡i bÃ¡o lÃ  hÃ ng Ä‘Ã£ giao? KhÃ´ng hiá»ƒu cÃ¡ch váº­n hÃ nh há»‡ thá»‘ng vÃ  liÃªn láº¡c cá»§a bÃªn váº­n chuyá»ƒn vÃ  app nhÆ° tháº¿ nÃ o luÃ´n?,,,0,
7341,"Shipper quÃ¡ tá»‡, chÆ°a Ä‘áº¿n nhÆ°ng Ä‘Ã£ gá»i Ä‘iá»‡n trÆ°á»›c, báº¯t khÃ¡ch pháº£i Ä‘á»£i dÃ i cá»•. KhÃ´ng nháº­n thanh toÃ¡n qua tÃ i khoáº£n. Bá» Ä‘i khi khÃ¡ch vÃ o láº¥y tiá»n máº·t máº·c dÃ¹ chá»‰  hÆ¡n 1 phÃºt mÃ  cÅ©ng ko thÃ¨m bÃ¡o khÃ¡ch.",,,0,
7342,"Äang cáº§n dÃ¹ng gáº¥p, Ä‘áº·t tiki now. tá»›i giá» lÃªn kiá»ƒm tra bÃ¡o Ä‘Ã£ nháº­n hÃ ng. MÃ  hÃ ng thÃ¬ ko tháº¥y Ä‘Ã¢u. liÃªn há»‡ thÃ¬ báº£o chá» 4-8 tiáº¿ng. xin thÃ´ng tin ngÆ°á»i giao thÃ¬ tiki ko cho.",,,0,
7357,"HÃ ng cá»§a tiki trading mÃ  váº«n khÃ´ng thá»ƒ nÃ o yÃªn tÃ¢m tin tÆ°á»Ÿng Ä‘Æ°á»£c hay sao má»i ngÆ°á»i Æ¡i??_x000D_
MÃ¬nh nháº­n Ä‘Æ°á»£c hÃ ng thÃ¬ hÃ ng Ä‘Ã£ bá»‹ vá»¡ nhÆ° tháº¿ nÃ y, tÃ¬m mÃ£i thÃ¬ váº«n khÃ´ng tháº¥y máº£nh vá»¡ á»Ÿ Ä‘Ã¢u cáº£, chá»©ng tá» lÃ  hÃ ng Ä‘Ã£ bá»‹ vá»¡ trÆ°á»›c khi giao cho khÃ¡ch. _x000D_
Vá»«a má»›i Ä‘Äƒng kÃ½ thÃ nh viÃªn vÃ ng Ä‘Æ°á»£c máº¥y hÃ´m, tháº¥t vá»ng trÃ n trá» ğŸ¤£ğŸ¤£",,,0,
7374,"Giao hÃ ng quÃ¡ lÃ¢u, Ä‘áº·t hÆ¡n cáº£ thÃ¡nh mÃ  giá» má»›i giao, cháº³ng láº½ ko nháº­n hÃ ng luÃ´n",,,0,
7389,TÃ i xáº¿ giao hÃ ng máº¥t dáº¡y.,,,0,
7395,HÃ ng Ä‘áº¹p nhÆ°ng TIKI NOW giao trá»ƒ 1 ngÃ y. Máº¥t thá»i gian sáº¯p xáº¿p ngá»“i chá» cuá»‘i cÃ¹ng qua tá»›i gáº§n 11h trÆ°a hÃ´m sau má»›i nháº­n Ä‘Æ°á»£c hÃ ng.,,,0,
7442,Giao cháº­m Giao cháº­m Giao cháº­m Giao cháº­m,,,0,
7459,GiÃ¡ sp cÃ³ 36k mÃ  phÃ­ giao 22k. Cho 3* thÃ´i,,,0,
7493,"Fahasa Ä‘Ã³ng gÃ³i sÃ¡ch khÃ¡ ká»¹ vÃ  gá»n. Tuy nhiÃªn Fahasa chÆ°a pháº£i lÃ  Ä‘Æ¡n vá»‹ bÃ¡n sÃ¡ch online cáº¡nh nháº¥t, tÃ´i mua sÃ¡ch online cá»§a fahasa 4 nÄƒm rá»“i.
GiÃ¡ sÃ¡ch cao hÆ¡n nhá»¯ng nhÃ  bÃ¡n khÃ¡c (tÃ´i order vÃ  click thanh toÃ¡n xong thÃ¬ tháº¥y Tiki Trading giáº£m 50% trÃªn giÃ¡ bÃ¬a vÃ  hÆ¡n ná»¯a sÃ¡ch cá»§a First New Ä‘Æ°á»£c giáº£m thÃªm 20% ná»¯a cho Ä‘Æ¡n hÃ ng 150K trá»Ÿ lÃªn sale trong ngÃ y, vá»›i Ä‘Æ¡n hÃ ng nÃ y bÃªn Tiki Trading chá»‰ cÃ³ giÃ¡ 174K cÃ²n fahasa thÃ¬ 2***â‚«)
HÆ¡n ná»¯a náº¿u Tiki Trading giao Ä‘Æ¡n hÃ ng nÃ y lÃ  giao nhanh trong ngÃ y vÃ¬ Æ°u Ä‘Ã£i cá»§a Tiki . CÃ²n bÃªn fahasa tÃ´i Ä‘áº·t hÃ ng lÃºc 1h khuya 8/7 thÃ´ng bÃ¡o chi tiáº¿t trong Ä‘Æ¡n hÃ ng lÃ  giao hÃ ng ngÃ y 10/7 váº­y mÃ  ngÃ y 10/7 má»›i Ä‘Ã³ng gÃ³i hÃ ng vÃ  giao hÃ ng trá»… 2 ngÃ y 12/7. Suá»‘t 4 nÄƒm nay tÃ´i cá»© Ä‘Æ°á»£c tráº£i nghiá»‡m giao hÃ ng cháº­m vÃ  trá»… cá»§a fahasa cÅ©ng nhÆ° quy trÃ¬nh thÃ´ng bÃ¡o giao hÃ ng ko há»£p lÃ½. CÃ³ láº§n tÃ´i cÃ²n gáº·p sÃ¡ch bá»‹ lá»—i in áº¥n (email pháº£n há»“i tÃ´i cÃ²n lÆ°u láº¡i), táº¥t cáº£ mail lÃ m viá»‡c vá»›i fahasa khi cÃ³ váº¥n Ä‘á» tÃ´i cÃ²n lÆ°u láº¡i háº¿t.
CÃ¡c báº¡n hÃ£y cÃ¢n nháº¯c nhÃ©!
Cuá»‘i cÃ¹ng tÃ´i nÃ³i lá»i cáº£m Æ¡n fahasa Ä‘Ã£ lÃ  cáº§u ná»‘i cung cáº¥p sÃ¡ch cho tÃ´i Ä‘á»ƒ tÃ´i cÃ³ thÃªm thÃ´ng tin vÃ  thÃªm hiá»ƒu biáº¿t trong 4 nÄƒm qua. I THANK YOU.",,,0,
8513,giao hÃ ng lÃ¢u ! thÃ¡i Ä‘á»™ shipper khÃ´ng tá»‘t,,,0,
8544,"Mua hÃ ng á»Ÿ tiki thá»³ yÃªn tÃ¢m rá»“i,cháº¥t lÆ°á»£ng sáº£n pháº©m tá»‘t,nhÆ°ng láº§n nÃ y giao hÃ ng quÃ¡ lÃ¢u,nhÃ¢n viÃªn giao hÃ ng ko Ä‘Æ°á»£c tá»‘t,(ninjavan)",1,,0,
8568,QuÃ¡ tháº¥t vá»ng Tiki vá» khÃ¢u giao hÃ ng. Thá»±c sá»± mÃ¬nh Ä‘Ã£ ráº¥t hÃ¢o há»©c khi mua cuá»‘n nÃ y tá»›i giá» cáº§m nÃ³ trÃªn tay thÃ¬ mÃ©p cá»§a sÃ¡ch cong háº¿t vÃ  dÃ­nh nhiá»u bá»¥i. Nhiá»u láº§n mÃ¬nh Ä‘áº·t Ä‘Ã£ bá»‹ váº­y vÃ  cÅ©ng Ä‘Ã£ Ä‘Ã¡nh giÃ¡ láº¡i nhÆ°ng váº«n khÃ´ng thay Ä‘á»•i. MÃ¬nh thá»±c sá»± tháº¥t vá»ng ğŸ˜”,,,0,
8606,"giao quÃ¡ cháº­m 26 ngÃ y má»›i tá»›i , Ä‘Ã£ mua má»›i rá»“i nhÆ°ng vÃ¬ dá»‹ch nÃªn thÃ´ng cáº£m shop vÃ  thÆ°Æ¡ng shiper nÃªn nháº­n ná»¯a",,,0,
8650,"(*) ÄÃ¡nh giÃ¡ khÃ´ng tÃ­nh Ä‘iá»ƒm
HÃ ng Ä‘Ã£ giao thÃ nh cÃ´ng. VÃ¬ lÃ  mÃ¬nh Ä‘áº·t hÃ ng táº·ng, nÃªn Ä‘Ã£ thanh toÃ¡n trÆ°á»›c. Tuy nhiÃªn shipper khi giao hÃ ng láº¡i láº¥y thÃªm tiá»n ship, tháº­t khÃ´ng thá»ƒ cháº¥p nháº­n Ä‘Æ°á»£c.",,,0,
8670,"SÃ¡ch Ä‘áº¹p nhÆ°ng Ä‘iá»u mÃ¬nh tháº¥y tháº¥t vá»ng vá» Tiki lÃ  váº­n chuyá»ƒn shipper thÃ¡i Ä‘á»™ Ä‘Ã£ khÃ´ng giao hÃ ng Ä‘áº¿n táº­n nÆ¡i báº£o mÃ¬nh cháº¡y xe ra láº¥y, khÃ´ng ra thÃ¬ Ä‘Ã²i tá»± Ã½ há»§y Ä‘Æ¡n hÃ ng, mÃ¬nh chuyá»ƒn khoáº£n trÆ°á»›c Ä‘á»ƒ nháº­n láº¡i nhÆ° váº­y Ã . Shipper Ä‘Ã£ lÃ m nghá» dá»‹ch vá»¥ thÃ¬ Ã­t nháº¥t cÅ©ng pháº£i niá»m ná»Ÿ tÃ´n trá»ng khÃ¡ch hÃ ng. Äáº±ng nÃ y cÃ²n tá»± Ã½ Ä‘Ã²i há»§y Ä‘Æ¡n, náº¿u khÃ´ng thanh toÃ¡n trÆ°á»›c thÃ¬ mÃ¬nh cÅ©ng há»§y Ä‘Æ¡n rá»“i. Tháº­t sá»± ráº¥t tháº­t vá»ng vá» Tiki",1,,0,
8719,"Giao hÃ ng ráº¥t cháº­m , lÃ¢u kinh khá»§ng",,,0,
8731,Giao sai Ä‘á»‹a chá»‰ rá»“i tháº£o nÃ o Ä‘á»£i hoÃ i tÃ´i ko nháº­n,,,0,
8732,giao hÃ ng quÃ¡ trá»…. cÃ²n láº¡i khÃ´ng phÃ n nÃ n,1,1,0,1
8747,"Cháº¥t lÆ°á»£ng sÃ¡ch tá»‘t, bÃ¬a hÆ¡i gÃ£y nhÆ°ng tá»•ng thá»ƒ lÃ  khÃ´ng sao. NhÆ°ng mÃ¬nh Ä‘Ã¡nh giÃ¡ 2 sao do thÃ¡i Ä‘á»™ cá»§a shipper cá»±c kÃ¬ tá»‡.",1,,0,
8765,Giao hÃ ng ko háº¹n trÆ°á»›c lÃ m Ä‘áº¿n nhÃ  gá»i hÆ¡n 10 cuá»™c gá»i quÃ¡ phiá»n. Äá» nghá»‹ tiki lÃ m viá»‡c láº¡i bÃªn giao hÃ ng,,,0,
8779,Tráº¡m trá»ƒ giao hÃ ng trÃªn 30 ngÃ y ká»ƒ tá»« háº¡ng chÃ³t giao,,,0,
8784,Váº­n chuyá»ƒn vá» Ä‘áº¿n nÆ¡i! Bá»ƒ nÃ¡t cÃ¡i Ä‘Ã¨n rá»“i shop Æ¡i,,,0,
8799,"Giao sÃ¡ch xong háº¿t muá»‘n Ä‘á»c, gáº§n 2 thÃ¡ng má»›i giao tá»›i, ship gá»i nÃ³i chiá»u giao nhÃ© ok mÃ¬nh há»i a cÃ³ tk ngÃ¢n hÃ ng hay momo k vÃ¬ mÃ¹a dá»‹ch e khÃ´ng muá»‘n tiáº¿p xÃºc vÃ  cáº§n tiá»n máº·t cÃ²n Ã­t rá»“i khi giao tá»›i a Ä‘á»c sá»‘ tk e ck quan shiper nÃ³i cÃ¢u cÃ³ 140k mÃ  cÅ©ng ck láº¹ Ä‘i Ä‘á»ƒ tÃ´i Ä‘i xin lá»—i chá»© tháº¥y chuyá»ƒn mÆ°a nÃªn tÃ´i nhá»‹n cho qua chuyá»‡n k lÃ  tÃ´i tráº£ sÃ¡ch luÃ´n, rá»“i Ä‘em vÃ´ tÃ´i Ä‘á»ƒ Ä‘Ã³ luÃ´n kiá»ƒm tra coi cÃ³ rÃ¡ch k vÃ  k thÃ¨m Ä‘á»c tiáº¿p",,,0,
8817,"TÃ¬nh tráº¡ng giao hÃ ng cá»±c tá»‡, bá»‹ rÃ¡ch bao bÃ¬ bÃªn trong nghiÃªm trá»ng",,,0,
8828,"Tiki tÃ­nh tiá»n gá»­i 2 ngÃ y. TÃ´i cháº¥p nháº­n. NhÆ°ng Tiki giao KHÃ”NG Ä‘Ãºng giao háº¹n vÃ  chá»‰ nÃ³i xin lá»—i trá»ƒ 1-3 ngÃ y. _x000D_
ÄÃºng nghÄ©a ""Uy tÃ­n - An tÃ¢m"". _x000D_
Cháº³ng láº½ nghiÃ£ Tiáº¿ng Viá»‡t bá»‹ Ä‘á»•i ah!?",,,0,
8839,"Dáº¡o gáº§n Ä‘Ã¢y mÃ¬nh tháº¥y tiki giao sÃ¡ch ko Ä‘Æ°á»£c sáº¡ch nhÆ° ban Ä‘áº§u, sÃ¡ch lem nhem vÃ  ráº¥t bá»¥i. Hy vá»ng cÃ¡c báº¡n sáº½ cáº£i thiá»‡n khÃ¢u báº£o quáº£n sÃ¡ch vÃ¬ Ä‘á»‘i vá»›i nhá»¯ng ngÆ°á»i yÃªu thÃ­ch Ä‘á»c sÃ¡ch thÃ¬ viá»‡c khi nháº­n 1 cuá»‘n sÃ¡ch má»›i mÃ  nhem nhuá»‘c tháº¿ nÃ y tháº­t sá»± ráº¥t khÃ³ chá»‹u.",,,0,
8840,Sáº£n pháº©m ok. NhÆ°ng Váº­n chuyá»ƒn ráº¥t cháº­m. Máº¥t tá»›i hÆ¡n 1 tuáº§n lá»…. Láº§n Ä‘áº§u tiÃªn t Ä‘áº·t á»Ÿ tiki mÃ  nháº­n Ä‘c hÃ ng muá»™n nhÆ° váº­y. Tiki nÃªn kháº¯c phá»¥c sá»›m.,1,,0,
8841,"HÃ ng dÃ¹ng táº¡m á»•n. NhÆ°ng thÃ¡i Ä‘á»™ shipper thÃ¬ khÃ´ng thá»ƒ cháº¥p nháº­n Ä‘Æ°á»£c. Äáº¡i khÃ¡i lÃ  mÃ¬nh Ä‘áº·t TikiNOW, giá» giao háº¡n chÃ³t lÃ  lÃºc 14h. Khoáº£ng 13h hÆ¡n thanh niÃªn shipper cháº¯c lÃ  sá»£ trá»… giao khÃ´ng ká»‹p nÃªn giáº£ bá»™ gá»i phÃ n nÃ n mÃ¬nh lÃ  nÃ£y cÃ³ giao cho mÃ¬nh mÃ  Ä‘iá»‡n mÃ¬nh hoÃ i khÃ´ng Ä‘Æ°á»£c, Ä‘á»£i áº£nh giao Ä‘Æ¡n khÃ¡c xong pháº£i tá»‘n cÃ´ng quay láº¡i giao cho mÃ¬nh ??? Trong khi mÃ¬nh cáº§m Ä‘iá»‡n thoáº¡i trÃªn tay tá»« 12h. Xong gáº§n chÃ³t giá» thÃ¬ láº¡i giao cho mÃ¬nh vá»›i thÃ¡i Ä‘á»™ lÃ  ""alo xuá»‘ng láº¥y Ä‘á»“"" xong mÃ¬nh ra tá»›i thÃ¬ quÄƒng gÃ³i hÃ ng vÃ o tay mÃ¬nh? . MÃ¬nh tráº£ nhiá»u tiá»n hÆ¡n cho dá»‹ch vá»¥ TikiNOW lÃ  Ä‘á»ƒ Ä‘Æ°á»£c Ä‘á»‘i xá»­ Ã‚N TÃŒNH váº­y Ã ? :)",1,,0,
8931,"mua hÃ ng cá»§a tiki trading.
hÃ ng giao quÃ¡ muá»™n so vá»›i dá»± kiáº¿n, láº¯p mÃ¡y xong ngá»“i chá» mÃ£i k tháº¥y dÃ¢y Ä‘Ã¢u láº¡i pháº£i cháº¡y Ä‘i mua cá»¥c thu wifi dÃ¹ng táº¡m, tÃ­nh ra phÃ¡t sinh hÆ¡n lÃ­t.",,,0,
8939,"Sáº£n pháº©m ok, khÃ´ng váº¥n Ä‘á» gÃ¬!
Má»™t sao nÃ y dÃ nh cho váº¥n Ä‘á» váº­n chuyá»ƒn nhÆ° sau:
1/ ÄÆ¡n hÃ ng nÃ y (thanh toÃ¡n khi nháº­n hÃ ng) theo káº¿ hoáº¡ch lÃ  giao vÃ o ngÃ y 17/12, giao sá»›m ngÃ y 14/12 nhÆ°ng khÃ´ng gá»i trÆ°á»›c, Ä‘áº¿n nÆ¡i gá»i mÃ¬nh khÃ´ng Ä‘Æ°á»£c vÃ  Ä‘á»ƒ hÃ´m sau.
2/ ÄÆ¡n hÃ ng mÃ  mÃ¬nh Ä‘ang ngá»“i Ä‘á»£i ngay lÃºc soáº¡n bÃ i nÃ y (thanh toÃ¡n trÆ°á»›c báº±ng tháº»), káº¿ hoáº¡ch giao ngÃ y 17/12, mÃ¬nh ngá»“i nhÃ  Ä‘á»£i khÃ´ng dÃ¡m rá»i phone tá»« sÃ¡ng sá»›m, Ä‘áº¿n trÆ°a nháº­n Ä‘Æ°á»£c mail bÃ¡o khÃ´ng liÃªn láº¡c Ä‘Æ°á»£c vá»›i mÃ¬nh, test láº¡i phone khÃ´ng há» cÃ³ cuá»™c gá»i nhá»¡ nÃ o. Call 19006035 trÃ¬nh bÃ y xong nháº­n Ä‘Æ°á»£c cÃ¢u â€œcá»‘ gáº¯ng sáº¯p xáº¿p giao láº¡i sá»›m nháº¥tâ€. Äáº¿n háº¿t ngÃ y khÃ´ng nháº­n Ä‘Æ°á»£c hÃ ng. SÃ¡ng ngÃ y 18/12 (bÃ¢y giá») mÃ¬nh tháº¥y trÃªn app váº«n chÆ°a chuyá»ƒn Ä‘i giao nÃªn call 19006035. VÃ  biáº¿t Ä‘Æ°á»£c cuá»™c gá»i hÃ´m qua khÃ´ng há» cÃ³ tÃ¡c dá»¥ng gÃ¬, phÃ­a TIKI khÃ´ng  há» ghi nháº­n váº¥n Ä‘á» hÃ´m trÆ°á»›c mÃ¬nh bÃ¡o.
NÃ³i tÃ³m láº¡i, váº¥n Ä‘á» giao hÃ ng phÃ­a Tiki lÃ m viá»‡c ráº¥t tÃ o lao, Ä‘áº·c biá»‡t lÃ  khÃ´ng quan tÃ¢m Ä‘áº¿n pháº£n há»“i cá»§a khÃ¡ch hÃ ng, khÃ´ng giáº£i quyáº¿t Ä‘Æ°á»£c váº¥n Ä‘á»ƒ xáº£y ra vá»›i khÃ¡ch hÃ ng!",1,,0,
9022,"(*) ÄÃ¡nh giÃ¡ khÃ´ng tÃ­nh Ä‘iá»ƒm
HÃ ng dÃ¹ng tá»‘t Ä‘Ã³ng gÃ³i cáº©n tháº­n nhÆ°ng há»™p sáº£n pháº©m bá»‹ mÃ©o nhÃ u nÃ¡t",1,,0,1
9026,"Tháº¥y báº£o nháº­n hÃ ng pháº£i cÃ³ mÃ£ otp má»›i nháº­n Ä‘c mÃ  cháº³g tháº¥y j nhÆ° má»› rau, k biáº¿t hÃ g f.a.ke k hay tháº­m trÃ­ k nháº­n Ä‘c hÃ ng nhÃ¢n viÃªn giao hÃ ng váº«n tÃ­ch há»£p nháº­n bÃ¬nh thÆ°á»ng",,,0,
9028,Giao hÃ ng quÃ¡ cháº­m. Cáº§n kháº¯c phá»¥c thá»i gian giao hÃ ng!,,,0,
9035,"Sáº£n pháº©m Ä‘áº¹p, cháº¥t lÆ°á»£ng, Ä‘Ã¡ng mua.
chá»‰ lÃ  tiki giao hÃ ng quÃ¡ lÃ¢u",1,,0,
9078,"Giao hÃ ng cÃ³ váº¥n Ä‘á», Ä‘Æ¡n hÃ ng  #878855258 Ä‘Ã£ giao muá»™n rá»“i tuy dá»‹p táº¿t thÃ¬ khÃ´ng váº¥n Ä‘á» gÃ¬, nhÆ°ng lÃ  thÃ nh bÃ¡o giao rá»“i trong khi ai Ä‘Ã³ giáº£ máº¡o chá»¯ kÃ½ báº£o nháº­n hÃ ng rá»“i lÃ  tháº¿ nÃ o háº£ Tiki Æ¡i?",,,0,
9105,ThÃ¡i Ä‘á»™ nhÃ¢n viÃªn giao hÃ ng ráº¥t tá»‡,,,0,
9113,"Mua hÃ ng tá»« hÃ´m 11/11 rá»“i nhÆ°ng bÃ¢y giá» má»›i Ä‘Ã¡nh giÃ¡. Cho 1 sao táº¡i vÃ¬ thá»i gian giao hÃ ng lÃ¢u, Ä‘á»£i cáº£ tuáº§n má»›i nháº­n Ä‘Æ°á»£c. TÆ°á»Ÿng lÃ  gá»­i hÃ ng tá»« miá»n nam ra miá»n báº¯c thÆ°á»ng lÃ¢u nhÆ° váº­y táº¡i vÃ¬ cÅ©ng Ä‘Ã£ tá»«ng mua Ä‘á»“ng há»“ cá»§a tgdd vÃ  cÅ©ng máº¥t 1 tuáº§n má»›i nháº­n Ä‘Æ°á»£c, mua thuá»‘c cá»§a Long ChÃ¢u váº­n chuyá»ƒn tá»« nam ra báº¯c cÅ©ng lÃ¢u nhÆ° váº­y. Ai ngá» dáº¡o nÃ y Ä‘áº·t 3 Ä‘Æ¡n bÃªn *** cÅ©ng lÃ  váº­n chuyá»ƒn tá»« nam ra báº¯c mÃ  2 Ä‘Æ¡n 3 ngÃ y Ä‘Ã£ nháº­n Ä‘Æ°á»£c, 1 Ä‘Æ¡n thÃ¬ 4 ngÃ y. Cáº£m giÃ¡c máº¥t cáº£ tuáº§n trá»i ngÃ³ng mÃ³n hÃ ng mÃ¬nh mua cá»±c ká»³ ğŸ˜¡",,,0,
9135,"ChÃ o Tiki, trong ráº¥t nhiá»u láº§n mÃ¬nh mua hÃ ng tá»« Tiki thÃ¬ Ä‘Ã¢y lÃ  láº§n Ä‘áº§u tiÃªn mÃ¬nh nháº­n Ä‘Æ°á»£c má»™t Ä‘Æ¡n hÃ ng khÃ´ng há» hoÃ n chá»‰nh. MÃ¬nh khÃ´ng biáº¿t trong quÃ¡ trÃ¬nh váº­n chuyá»ƒn thÃ¬ nhÃ¢n viÃªn cÃ³ giá»¯ gÃ¬n Ä‘Æ¡n hÃ ng cá»§a khÃ¡ch hay khÃ´ng nhÆ°ng Ä‘Æ¡n hÃ ng sÃ¡ch cá»§a mÃ¬nh thÃ¬ kháº£ nÄƒng Ä‘á»ƒ bá»‹ tháº¥m nÆ°á»›c ráº¥t cao vÃ¬ khi nháº­n Ä‘Æ°á»£c hÃ ng bÃ¬a sÃ¡ch cá»§a mÃ¬nh bá»‹ rá»™p, bong ra, cÃ³ vá»‡t nÆ°á»›c vÃ  dÆ¡. ÄÆ¡n hÃ ng cá»§a mÃ¬nh cÃ³ 4 cuá»‘n sÃ¡ch thÃ¬ cáº£ 4 cuá»‘n Ä‘á»u bá»‹ nhÆ°ng cuá»‘n sÃ¡ch nÃ y lÃ  bá»‹ náº·ng nháº¥t. MÃ¬nh ráº¥t tháº¥t vá»ng. MÃ¬nh hi vá»ng Tiki sáº½ kiá»ƒm tra láº¡i quÃ¡ trÃ¬nh váº­n chuyá»ƒn, nÃªn gÃ¬n giá»¯ Ä‘Æ¡n hÃ ng nháº¥t lÃ  Ä‘Æ¡n hÃ ng sÃ¡ch. MÃ¬nh cáº£m Æ¡n.",,,0,
9163,"HÃ ng giao mÃ³p gÃ¡y, nhÄƒn bÃ¬a pháº§n mÃ©p.",,,0,
9267,"thu phÃ­ sip hÆ¡i cao, cháº¥t lÆ°Æ¡Ì£ng Ä‘aÌ‰m baÌ‰o",1,,0,
9272,"Sp ok, giao hÃ ng lÃ¢u quÃ¡.",1,,0,
9275,Giao hÃ ng quÃ¡ lÃ¢u. Cháº¥m 1 sao áº¡,,,0,
9375,"Sáº£n pháº©m Ä‘Ãºng nhÆ° hÃ¬nh áº£nh Ä‘Ã£ giá»›i thiá»‡u. ChÆ°a sá»­ dá»¥ng nÃªn khÃ´ng Ä‘Ã¡nh giÃ¡ Ä‘Æ°á»£c cháº¥t lÆ°á»£ng. 
ChÃ¢n bÃ¬nh bá»‹ mÃ³p mÃ©o khi váº­n chuyá»ƒn.",1,,0,
9399,giao hÃ ng nhÆ° váº§y ráº¥t bá»±c mÃ¬nh luÃ´n.,,,0,
9415,"HÃ ng thÃ¬ nháº­n Ä‘Æ°á»£c rá»“i Ä‘Ã³, nhÆ°ng tá»« há»“i mua hÃ ng Tiki tá»›i giá» má»›i gáº·p pháº£i trÆ°á»ng há»£p shipper giao hÃ ng cÃ³ kháº£ nÄƒng giao tiáº¿p cá»¥c sÃºc Ä‘áº¿n váº­y.  ""Alo"" ""Giao hÃ ng"". Kháº£ nÄƒng giao tiáº¿p kÃ©m nhÆ° váº­y thÃ¬ sáº½ khÃ´ng cÃ³ láº§n mua hÃ ng trÃªn Tiki vÃ o láº§n sau. MÃ¬nh khÃ¡ tá»•n thÆ°Æ¡ng nÃªn sáº½ khÃ´ng Ä‘áº¡n giÃ¡ gÃ¬ nhiá»u ná»¯a. Táº¡m biá»‡t, thÃ¢n Ã¡i.",,,0,
9431,Thá»i gian giao hÃ ng lÃ¢u hÆ¡n dá»± kiáº¿n,,,0,
9480,Ko dug dc gi ca. Giao hang lam mat hang,,,0,
9495,Sáº£n pháº©m cháº¥t lÆ°á»£ng tá»‘t nhÆ°ng giao hÃ ng quÃ¡ cháº­m. ÄÆ¡n vá»‹ giao hÃ ng lÃ  J&T,1,,0,
